"Date","T_treatment","GPP","Ra","LA","GPP_SE","Ra_SE","LA_SE","Tair"
2013-09-17,"ambient",18.6621023088107,4.66979316989208,3.23186064302926,2.27693138030711,0.427516802550932,0.473543735102827,14.8465488675507
2013-09-17,"elevated",26.2304387226808,6.80895362228804,5.12250740276001,2.98862441009543,0.619086608484153,0.649710814824013,17.8420727005483
2013-09-18,"ambient",17.1447392832582,5.08976840309662,3.26907197504779,2.39343027219087,0.454537830318337,0.480634377790334,15.6110567375009
2013-09-18,"elevated",23.503641828993,7.29061061746649,5.19455632287416,1.89996613015404,0.672740093838786,0.659625498774317,18.5224904446189
2013-09-19,"ambient",20.5321516438284,3.73965068040913,3.30646241217051,3.41062687663376,0.432844684272231,0.487859849209098,17.0907541103185
2013-09-19,"elevated",28.4573756825983,5.82081344877563,5.26711960997201,3.0070198743469,0.596702569037391,0.669684746541854,19.8089945883252
2013-09-20,"ambient",18.2009078377119,3.01034522989335,3.34403188674062,3.08176302900211,0.289304370817459,0.495220794880178,17.9448459172086
2013-09-20,"elevated",25.3880360141792,4.87648364415345,5.34019814263807,2.81354636666734,0.433378511445507,0.679888904007,20.6685793500509
2013-09-21,"ambient",18.013924774418,3.78650211547964,3.38178033167871,2.9778516828383,0.371698619764618,0.502717821647815,16.2091508330163
2013-09-21,"elevated",25.9383428374209,6.12096655780555,5.41379279576087,2.73977133506388,0.52557770370958,0.690238304979787,19.037136490177
2013-09-22,"ambient",17.5496769714579,4.59757138128695,3.41970768047536,2.56650228143007,0.470722510698289,0.510351498980001,14.1828290059647
2013-09-22,"elevated",23.9812852241149,7.75371231581942,5.48790444057413,2.39929101099852,0.672769354191275,0.700733271878767,17.2023118283447
2013-09-23,"ambient",18.2474974775651,6.15866970843869,3.45781386718388,2.97803790613989,0.54644665381675,0.518122360296738,13.6878749441877
2013-09-23,"elevated",25.5859375648057,10.2121742153606,5.56253394469726,2.56862346696691,0.743082596563732,0.711374116383446,16.7067548056755
2013-09-24,"ambient",15.8683660149078,6.12534429494448,3.49609882641304,2.12755346071002,0.49126853112754,0.526030904317404,15.2033981302415
2013-09-24,"elevated",19.5933207283547,9.04669510136556,5.63768217217512,1.342542416849,0.673810430028143,0.722161140060449,18.202468533768
2013-09-25,"ambient",18.8651834262311,7.95087450955807,3.53456249332014,3.03952344774751,0.493709270302034,0.534077596419346,17.2491649509044
2013-09-25,"elevated",23.9670374558389,11.6513653011409,5.71334998351689,1.98152127141269,0.721582337702065,0.733094634963502,20.2408110503158
2013-09-26,"ambient",21.2434240785118,5.43134644954143,3.573204803604,3.26789488348779,0.370586830158692,0.542262870000364,19.1402941846358
2013-09-26,"elevated",28.7732093191797,8.03158081519104,5.78953823573443,2.3875190644701,0.591808880116321,0.744174884207607,22.1342496229516
2013-09-27,"ambient",20.7223782316839,4.24896410170731,3.61202569349816,3.44307808589651,0.231206835402942,0.550587127838588,19.4848454413361
2013-09-27,"elevated",29.7685363414247,6.21608224412922,5.86624778237994,2.7464778540415,0.448392286072813,0.755402162517764,22.4800098738883
2013-09-28,"ambient",19.1590202014729,5.76820163664877,3.65102509976421,2.92821584931066,0.387453236630622,0.559050743443802,17.7995777892411
2013-09-28,"elevated",25.8345999469207,8.13916174617793,5.94347947358285,2.17530738362196,0.618612229913825,0.766776736752658,20.7998995909447
2013-09-29,"ambient",21.0032299602119,4.9094961180621,3.69020295968519,3.39174486508504,0.243527940755237,0.567654062394852,16.3729058854386
2013-09-29,"elevated",29.3745941692283,6.99362608696156,6.0212341560861,2.83217951179481,0.565345495448308,0.77829886640394,19.3733435072346
2013-09-30,"ambient",19.4615807235838,6.47090786690848,3.72955921105909,2.94443478562927,0.428148593023332,0.576397403658456,15.87814871883
2013-09-30,"elevated",25.6792727450478,9.48069089588899,6.09951267328188,2.37157633070267,0.827412668006564,0.789968804071534,18.8775615031978
2013-10-01,"ambient",15.9181256647331,5.61849336657809,3.76909379219249,2.34145060982782,0.401831560852592,0.585281060885275,17.0571561960275
2013-10-01,"elevated",21.0940106521707,8.25579144997234,6.17831586524667,1.75665666492595,0.772510053189862,0.801786795915766,20.0584776639993
2013-10-02,"ambient",21.685669502438,4.87382336640282,3.81200320057097,3.40153188845156,0.482430381434036,0.596426119179937,18.0842820592692
2013-10-02,"elevated",29.2107837213009,7.05523262975406,6.24030353351353,2.74410645250387,0.693719271199306,0.807321896096588,21.0852317267719
2013-10-03,"ambient",17.7803472788052,2.48271336464983,3.9774132890259,2.72218535929951,0.333122983621225,0.511093434098594,18.0697717257104
2013-10-03,"elevated",22.4991971370087,4.25378246431102,6.30261399766318,2.11969238603541,0.449512552118709,0.812979787786594,21.0719872254005
2013-10-04,"ambient",23.6507176633779,3.63358691527886,4.01829278314947,3.47244605149906,0.412079274392993,0.519677498435954,16.842507628123
2013-10-04,"elevated",30.3217638516957,5.69848482536834,6.36524792422022,3.08010741273805,0.693286518113847,0.81876283901405,19.8435161333177
2013-10-05,"ambient",21.6553597900162,5.32448793396416,4.0589657597793,2.85140024390783,0.497806672739949,0.52834952036257,15.083585533815
2013-10-05,"elevated",28.3170838102796,7.61070204201939,6.4282059772819,2.7988661846498,0.958928242262467,0.824673377971685,18.0841401165502
2013-10-06,"ambient",18.9608746198155,7.70185919330223,4.09943202436885,2.23924935489859,0.713905779326354,0.537107964335497,15.2070874276117
2013-10-06,"elevated",22.9859263606314,10.9543287331725,6.49148881854212,2.02404435848078,1.29425257183582,0.830713691296984,18.2071750656595
2013-10-07,"ambient",22.9763671853527,4.76638909318653,4.1396913847925,3.15345965881289,0.44381794858815,0.545951589692957,15.7165282529508
2013-10-07,"elevated",29.7662448737024,7.05383104768227,6.55509710731477,2.62397119508332,0.77307938794646,0.836886022455063,18.7167535892569
2013-10-08,"ambient",24.5230409095891,3.99457142389961,4.1797436512961,3.54981368574408,0.460037039382679,0.554879430003903,17.5185267025829
2013-10-08,"elevated",31.6064010830357,6.15619567396416,6.61903150055688,2.7245425139561,0.625197178699568,0.843192570228181,20.5182571839684
2013-10-09,"ambient",23.1400410717992,7.02792339207936,4.21958863644889,3.01906901364866,0.611750201024985,0.563890773696805,16.5609098459372
2013-10-09,"elevated",27.86262570476,10.2190458955708,6.68329265289135,2.0624752321705,0.933713895492508,0.849635487315656,19.5621558917448
2013-10-10,"ambient",18.932239708587,9.94073140702773,4.25922615509683,1.97410668655896,0.792472035063264,0.572985145905844,17.431688653255
2013-10-10,"elevated",22.4055867491903,14.261083466086,6.74788121662928,1.73357173058513,1.32400187042537,0.856216879047199,20.4311434155258
2013-10-11,"ambient",25.4181769978941,5.33616719906653,4.29865602431716,3.60291672665401,0.436270586550139,0.582162291469672,19.5960662684716
2013-10-11,"elevated",30.6650144555823,8.06990891680458,6.81279784179202,2.43631360548616,0.780490777089983,0.862938802212155,22.5904725139456
2013-10-12,"ambient",23.8710881435252,8.11035821543348,4.3378780633743,3.31912151070053,0.597543122180101,0.591422159016962,21.0496333012398
2013-10-12,"elevated",28.2495811019027,11.2886092156373,6.87804317613285,2.38036352013377,0.978611415522714,0.869803264006737,24.0433301882555
2013-10-13,"ambient",23.4578197281813,8.43904577646517,4.37689209367704,3.25782426741441,0.795617169401939,0.600764886073254,21.5142964865781
2013-10-13,"elevated",26.7577226930047,11.1202061169332,6.9436178651583,2.32675749285589,1.08361428945578,0.876812221100358,24.5040231707811
2013-10-14,"ambient",28.6136337558257,3.62247565967148,4.41569793873666,4.34990187597596,0.341078065637259,0.61019078512484,21.6695830274397
2013-10-14,"elevated",34.9867401341511,5.39471518212007,7.00952255214921,3.3085576937648,0.511771536828877,0.883967578822171,24.4099554037964
2013-10-15,"ambient",25.8946458655813,5.01220068161282,4.45429542412656,3.66726944986086,0.455836891283406,0.619700330577757,20.6729087800114
2013-10-15,"elevated",33.8755861189538,6.40082563486622,7.07575787818138,3.28358427273311,0.654064431580964,0.891271190467659,23.4132483889829
2013-10-16,"ambient",25.1266347659868,6.20986178287545,4.48520668033372,3.31609326106755,0.661133451068776,0.622167343937691,18.8011788894671
2013-10-16,"elevated",28.5824334504888,8.22925443125075,7.15032328094318,2.56840837835407,0.819701911015975,0.894539179361603,21.5465707310158
2013-10-17,"ambient",19.2901690467773,6.48327769525468,4.51655161755707,2.83225807615347,0.863734454482826,0.624720542848346,16.6584308079211
2013-10-17,"elevated",22.3370711121898,8.3401276583226,7.22536116517609,1.48290420010389,1.04461095886103,0.897778205174703,19.6582450847134
2013-10-18,"ambient",26.4493244569811,4.21163273511554,4.548330162876,3.46776416220462,0.450827099083605,0.627358067508578,18.5236439160963
2013-10-18,"elevated",36.4078820932812,5.70299432096588,7.30087215401061,3.30953390619084,0.599579445355687,0.900988393994067,21.5234105295264
2013-10-19,"ambient",25.9050885111157,4.90944190954506,4.58054224402545,3.71609654169415,0.622911933918403,0.630078134525628,18.8501158532427
2013-10-19,"elevated",35.7824500884998,6.64498279568053,7.37685686836563,3.42777405300903,0.707473669534576,0.904169894998934,21.8503850828938
2013-10-20,"ambient",24.5037658631653,6.80403905600442,4.61318778938618,3.09076271584225,0.752626183369469,0.632879037603205,17.9302226345273
2013-10-20,"elevated",33.7569357780676,9.27510702037994,7.45331592697059,3.04244614872605,0.897921110407815,0.907322880343812,20.9304701021697
2013-10-21,"ambient",22.9098477955449,10.2654281535548,4.64626672797529,2.56710446148114,0.99541143978265,0.635759148014651,16.9612217278244
2013-10-21,"elevated",28.8907349055123,13.454610213832,7.5302499463872,3.05489902726927,1.27501209875912,0.910447545054429,19.9615283177727
2013-10-22,"ambient",13.2886689693614,6.83497518508896,4.67977898943691,1.70366174559897,0.869698292437052,0.638716914873598,19.1906009314366
2013-10-22,"elevated",17.156113329623,9.24849965650121,7.60765954103083,1.40744381342313,0.90963093598846,0.913544106935926,22.1336115866061
2013-10-23,"ambient",23.5783367306422,8.2702480113364,4.71372450403312,3.13334868608425,1.13242415916496,0.641750865214412,20.8466581887848
2013-10-23,"elevated",26.7101734836857,10.5244045461597,7.68554532319154,2.51401424637166,1.14253692946941,0.916612806492844,23.7891235678068
2013-10-24,"ambient",31.35047090653,4.31575279875846,4.74810320263504,4.48832293135194,0.673945016228382,0.644859603894769,22.6637219674754
2013-10-24,"elevated",40.2644238798325,5.71024328806276,7.76390790305475,4.05667944716943,0.662977881189381,0.919653906860311,25.6081198003673
2013-10-25,"ambient",26.9303385423671,4.15240502740651,4.78291501671409,3.77345770841306,0.62219294203967,0.648041813332415,21.0084495742942
2013-10-25,"elevated",37.1955446428308,5.42008290415597,7.84274788872157,3.5618258577817,0.602837990547296,0.922667693746006,24.0102014614096
2013-10-26,"ambient",26.9175812884714,5.21327097244863,4.81815987833345,4.42434310668443,0.777522183175949,0.651296253088037,18.6350865451312
2013-10-26,"elevated",34.9173925297945,6.95312019689652,7.92206588622881,3.534837997553,0.783650284106079,0.925654475382276,21.6370811122061
2013-10-27,"ambient",26.7666382313643,6.3202747685264,4.85383772013972,3.885323770084,0.751286455099603,0.654621759305716,15.7059661656805
2013-10-27,"elevated",34.9491626863536,8.33366152299819,8.00186249956869,3.33611268644664,0.892584568812764,0.928614582488087,18.7060552536064
2013-10-28,"ambient",22.7915251986624,6.76468339217053,4.88994847535467,3.31655372208512,0.818501487939025,0.658017244022222,15.6170190214023
2013-10-28,"elevated",29.4856174158332,9.1630201754801,8.08213833070822,2.89401503639064,0.959829098054149,0.931548368240098,18.616732845842
2013-10-29,"ambient",17.552441088946,5.868071917262,4.92649207776722,2.36806512573138,0.66854266520689,0.661481694355871,17.4601250471033
2013-10-29,"elevated",23.4246634919228,7.7505644397559,8.16289397960815,2.11640292287787,0.758191326508458,0.934456208252476,20.4607980266765
2013-10-30,"ambient",29.6334225949204,5.52561892975059,4.96346846172561,3.99908731513679,0.684655389883206,0.665014171585312,17.5813192348214
2013-10-30,"elevated",38.7378259515299,7.81391457853926,8.2441300442419,4.31507071159372,0.820348141843953,0.937338500565038,20.5827384752345
2013-10-31,"ambient",31.1048615907155,7.01458965225728,5.02519993284966,4.10084091378407,0.928227843072466,0.675806201928898,17.2448100904244
2013-10-31,"elevated",40.8789572417293,9.51022598786262,8.34479551310806,3.975717330327,1.01894409477925,0.954093088687858,20.2454167585261
2013-11-01,"ambient",28.8895342570107,6.93560472941601,5.08729381408244,4.01243279440907,0.873619408512267,0.686626112901575,17.0169142217721
2013-11-01,"elevated",38.9735161996472,10.0554983885379,8.44617385290368,3.8261458806538,0.962758762535214,0.971085535929477,20.0181873657756
2013-11-02,"ambient",26.7330707751767,10.3828853052638,5.14974995135623,3.39501706889911,1.16590521403662,0.697476361198453,17.9455472671587
2013-11-02,"elevated",36.8246621316509,14.7742575802984,8.54826544579199,3.33431559402246,1.37772800811498,0.988314324771417,20.9436852141644
2013-11-03,"ambient",23.0091631750044,9.93927900793621,5.21256819213779,3.48634475463027,1.1024878304467,0.708359437474152,19.799143233628
2013-11-03,"elevated",25.5891491459469,13.5757518497014,8.65107067386577,3.62520651601892,1.3419746206443,1.00577797922211,22.798579972501
2013-11-04,"ambient",34.6239431632828,5.09344609789901,5.27574838540463,4.88337057474256,0.543057033861973,0.719277862939332,21.4550040039498
2013-11-04,"elevated",46.3679705002367,7.56565739206639,8.75458991912877,4.07947403431914,0.782917067688242,1.023475064831,24.0822826377183
2013-11-05,"ambient",27.6560702314433,4.55355969035822,5.33929038162182,3.97754480160825,0.452281111061062,0.73023418615257,20.5334946120506
2013-11-05,"elevated",38.2928345478396,7.13607473081457,8.85882356347724,3.50453185504953,0.724277246625583,1.04140418854148,23.164868371953
2013-11-06,"ambient",33.7928064917854,6.20448367814852,5.40319403271913,4.43047790281882,0.576630553503992,0.74123097998722,18.4712710503156
2013-11-06,"elevated",46.1607689473454,9.67275563409265,8.96377198868283,4.27033866237488,1.00376111859061,1.05956399840428,21.1017674464176
2013-11-07,"ambient",30.0005017038513,10.0336531152799,5.46745919206895,3.57119053049066,0.91736568514217,0.752270838755525,16.1659353872562
2013-11-07,"elevated",39.7280655237506,15.1011765798501,9.06943557637568,3.77281302415072,1.5353120915789,1.07795318317009,19.1682911439764
2013-11-08,"ambient",27.3043639334973,14.3626201890966,5.53208571446427,3.0993773892465,1.44089662747458,0.763356375474628,17.8671116543572
2013-11-08,"elevated",36.3055622667164,21.0206811295567,9.17581470802843,3.22978062176871,2.26461035537635,1.09657047177911,20.8678992562018
2013-11-09,"ambient",25.5631419027223,9.87478794536626,5.59707345609749,3.3386649339661,1.05221023870919,0.774490219261103,21.312361727214
2013-11-09,"elevated",30.9409065018943,14.2652682765365,9.28290976494068,2.80465409700675,1.542200116256,1.11541463276286,24.3143070665153
2013-11-10,"ambient",12.3909927015008,4.00375104140506,5.6624222745394,1.81958418872442,0.433675300261074,0.785675012842487,24.1666555506753
2013-11-10,"elevated",16.73208270819,5.67770392151429,9.39072112822422,1.52340500144695,0.65806880597146,1.13448447357248,27.1378876597939
2013-11-11,"ambient",19.8228743152116,4.80929490419802,5.72813202871879,2.85385327754328,0.489837869251776,0.79691341017575,22.0617469944886
2013-11-11,"elevated",26.7954320610781,6.80416522231832,9.4992491787886,2.41008153749177,0.712731206259768,1.15377883984586,25.0298732054677
2013-11-12,"ambient",27.7771822157165,5.25122759712459,5.7942025789023,4.01581071174579,0.476867789597256,0.808208074164184,18.2874994186594
2013-11-12,"elevated",37.733492186994,8.1977684769458,9.60849429732769,3.5858249576215,0.817896129187053,1.17329661462509,21.2556922863856
2013-11-13,"ambient",35.5514391891704,6.72296579958231,5.84461649801242,4.37593730916502,0.554081500755748,0.809866983844104,15.8795567785497
2013-11-13,"elevated",44.8490434080774,10.1730092369874,9.69837269797668,3.78792212768596,0.930623306672412,1.1841772127947,18.8781420750204
2013-11-14,"ambient",34.0773001868207,6.46886191972886,5.8952387299884,4.69194723512947,0.527784918010287,0.811435781429479,17.491078861733
2013-11-14,"elevated",43.4334745473119,10.4072547298445,9.78874461532783,4.28389290088636,1.21567484058072,1.19519235748847,20.4642439001202
2013-11-15,"ambient",26.4449648801487,5.39419512130359,5.94637858217077,3.73638843192482,0.427232366205351,0.813117366439233,19.2627476185148
2013-11-15,"elevated",35.6973663989223,8.59018621514493,9.87972036727811,3.26237261645776,0.878043167220585,1.2062832947926,22.2361581375219
2013-11-16,"ambient",22.8196863854475,4.7110231309695,5.99803604181373,3.17369577259403,0.433231364214902,0.814909806023279,19.2793218226999
2013-11-16,"elevated",31.7226519274595,7.27759887428396,9.97130021315892,2.90351833008862,0.803604694116945,1.21744977210361,22.2495043751403
2013-11-17,"ambient",15.0532742266961,4.43343588761161,6.05021109631638,2.50768690632581,0.474413398928742,0.816811286487186,18.0663837580065
2013-11-17,"elevated",20.9519538414457,6.54612457496579,10.0634844116397,2.38511577275043,0.798015317019624,1.22869155064121,21.0654090604611
2013-11-18,"ambient",13.8405164941451,5.41327930795855,6.10290373322181,2.06603966043611,0.579552165336816,0.818820114350875,16.1935057872078
2013-11-18,"elevated",19.5682029567545,7.65571474921739,10.156273220732,1.90639405993132,0.875279732157116,1.24000840502753,19.1944832574367
2013-11-19,"ambient",41.3425445346968,7.36812539607383,6.15611394021617,5.78323255734404,0.689927984084847,0.820934717116735,15.3990477299956
2013-11-19,"elevated",55.052611625318,11.0312293104981,10.249666897794,5.48709974828962,1.20829265761731,1.25140012287609,18.403142603204
2013-11-20,"ambient",39.5201758645672,8.00011545436478,6.20984170512771,5.09748421014744,1.02262681010361,0.823153643758307,16.515295354856
2013-11-20,"elevated",50.899347071192,12.0608577206252,10.3436656995344,5.14453546120418,1.54197064144179,1.26286650439055,19.5194156548693
2013-11-21,"ambient",34.9240312343789,8.54059656239298,6.26408701592584,4.53459955293717,0.97612094972553,0.825475564941107,18.5840656076288
2013-11-21,"elevated",47.249328179756,12.654427376569,10.4382698820167,4.65638394033195,1.67717498455754,1.27440736197321,21.5849997896987
2013-11-22,"ambient",17.9863253274744,6.9444113385304,6.31884986072012,2.32417808008685,0.787367613421082,0.827899272987175,20.4497672322303
2013-11-22,"elevated",25.073342384324,10.327611323101,10.5334797006631,2.42595718749074,1.28660428715968,1.28602251984311,23.4485158542311
2013-11-23,"ambient",33.7827658800069,5.93257022543585,6.37413022775935,4.69567943403702,0.737292600143129,0.830423681595077,20.5258796011457
2013-11-23,"elevated",47.0740647211903,9.53810355946469,10.629295410259,4.82769501852681,1.30248481565172,1.29771181366388,23.5223505044917
2013-11-24,"ambient",43.6459127731964,6.36593940463844,6.42992810543058,5.68323786449332,0.805077463769051,0.833047825326987,20.1427230226935
2013-11-24,"elevated",58.238996524428,9.88642199610347,10.7257172649566,5.75634033328758,1.39669000626945,1.30947509018097,23.1422409900746
2013-11-25,"ambient",38.38355169127,6.26104553284732,6.48624348225814,5.09507496551324,0.623953082408162,0.835770858874358,19.3746558495029
2013-11-25,"elevated",51.7813226043287,9.33370693064307,10.8227455182791,5.05520626403809,1.10581020505043,1.32131220686832,22.376312663477
2013-11-26,"ambient",41.1207132895481,5.37668174773011,6.54307634690261,6.11035167300347,0.687514064667921,0.838592056113584,18.6070590779723
2013-11-26,"elevated",56.3197527337667,8.45278387521079,10.9203804231242,5.94334700023624,1.28242023032179,1.33322303158436,21.6102649838227
2013-11-27,"ambient",37.9086391008466,6.16053533381496,6.62465159717867,4.82653885843197,0.762274659908999,0.845829810650594,17.7992212437573
2013-11-27,"elevated",48.2008829042464,10.456228607739,11.0278738987129,5.62884876814847,1.59448906849309,1.33899734606068,20.7992629842349
2013-11-28,"ambient",33.0731021992318,10.5207455663098,6.70671968685629,4.02164703012647,1.13581190611493,0.853090823987252,17.8288342745857
2013-11-28,"elevated",42.4793073590306,16.4976248541438,11.1358761729725,5.25100472540878,2.39156058519488,1.34483872610152,20.8284049415161
2013-11-29,"ambient",18.5826736051982,6.32326368863659,6.78928032509724,2.56136583714594,0.528910684463762,0.86037579693081,19.5390769429404
2013-11-29,"elevated",25.4096483776125,9.22496944790112,11.2443878522104,2.87820126221777,1.36286100427756,1.35074870529978,22.5384281611091
2013-11-30,"ambient",38.9488786004358,5.41887474355496,6.8723332243863,5.23557348929981,0.628388486235127,0.867685440725009,20.0014687635578
2013-11-30,"elevated",53.1552352579444,8.96174705454695,11.3534095407202,5.36457957515234,1.55598783006699,1.35672881347187,23.0013032498712
2013-12-01,"ambient",42.5490404808489,6.64213223219303,6.95587810046976,5.27805292772288,0.699724287335204,0.875020476552708,19.5758292929647
2013-12-01,"elevated",57.418326119463,10.3981226495255,11.4629418408001,5.91892998317134,1.69115078214237,1.36278057602039,22.5750279376056
2013-12-02,"ambient",41.1712074209346,7.61991406521844,7.03991467229573,5.09049187916337,0.749777416222355,0.882381635052608,17.9567228890392
2013-12-02,"elevated",53.0045265933038,11.1740453742503,11.5729853527708,6.46315209198587,1.79728916260731,1.36890551330002,20.9542854774796
2013-12-03,"ambient",38.6684773382934,8.59773311592697,7.12444266195584,5.41441352440895,0.894783465152065,0.889769655849149,18.2764582341046
2013-12-03,"elevated",54.5171252439797,12.9935240236542,11.6835406749928,4.72818159853501,1.92286227629882,1.37510513998681,21.2388191711468
2013-12-04,"ambient",35.8667407966997,11.6709267671849,7.20946179462848,4.31215722541724,1.39337234040464,0.897185287094969,19.2426300301545
2013-12-04,"elevated",46.7376598778712,17.0285595422018,11.7946084038845,5.24750078765444,2.59159128661439,1.38138096445211,22.1572222345379
2013-12-05,"ambient",41.0609287763335,6.1974909240168,7.29497179852353,5.40401996322912,0.675357611380764,0.904629285025126,21.3725882713776
2013-12-05,"elevated",53.5349898153195,8.86492372828926,11.9061891339387,5.40919903216266,1.32204984362752,1.38773448814158,24.2906013950605
2013-12-06,"ambient",41.9817864771622,5.27920560695008,7.38097240482838,5.61696504245494,0.665590617775343,0.912102413522553,21.3599262267707
2013-12-06,"elevated",55.61360443704,8.39315637973938,12.0182834577398,5.9251610045871,1.2840623440846,1.39416720496034,24.312480513872
2013-12-07,"ambient",43.3356551383039,6.12001202073648,7.46746334765547,5.69692482415694,0.807365243318817,0.919605443694139,20.2799714108636
2013-12-07,"elevated",56.4617336247085,9.58991963971128,12.1308919659805,6.12996250445204,1.71831844971401,1.40068060066489,23.2808514790413
2013-12-08,"ambient",39.1231514266524,8.36885143525891,7.55444436399093,4.90701096709855,1.10981400563626,0.927139153456854,18.2261607463836
2013-12-08,"elevated",48.6581862466226,12.3670446759747,12.2440152474778,5.89897733030231,2.12120712904598,1.40727615226269,21.2254680546872
2013-12-09,"ambient",32.9863413195934,11.1679723344685,7.64191519364473,3.93417167222951,1.44515813846431,0.934704327133533,18.757768136414
2013-12-09,"elevated",41.2270108258946,16.3342865856141,12.3576538891898,4.51709378266379,2.54504194634355,1.41395532742012,21.7581258446362
2013-12-10,"ambient",36.4191910143383,10.9333516721103,7.72987557920176,4.89080495542,1.23735929605925,0.942301755057736,21.0123179687451
2013-12-10,"elevated",43.2434932082742,15.5436973674152,12.4718084762313,5.13786189478435,2.52938073551773,1.42071958387961,24.0312424464195
2013-12-11,"ambient",45.696573898142,10.3346589566273,7.81669641778982,5.98535748404051,1.01022290373446,0.948501195554083,23.743298509412
2013-12-11,"elevated",55.0610590272411,13.9137252036375,12.5752820938863,5.42884324700764,1.94015836827555,1.42378332217263,26.7720207314934
2013-12-12,"ambient",45.6850328268054,8.20585713620263,7.90386259348881,6.04484840397763,0.794571559511013,0.954746393261283,24.276066066595
2013-12-12,"elevated",56.1805742657183,11.4553099616774,12.6792358943287,4.96495146760428,1.76832991369732,1.42685213807457,27.3127326067824
2013-12-13,"ambient",46.359336200587,9.10940192690309,7.99137391614109,5.90826877419997,0.822615624869997,0.961037812833252,23.418214267452
2013-12-13,"elevated",56.1138519866679,13.0137416832565,12.7836703864394,5.1103730420856,2.1028671088923,1.42992674699117,26.435027311302
2013-12-14,"ambient",34.8308044335293,8.08334977183748,8.07923019764318,4.274087393269,0.673883086523407,0.967375921230289,22.2222322437309
2013-12-14,"elevated",44.7456265343524,11.2792423913039,12.8885860777635,3.94385136794333,1.77187137792372,1.43300787646057,25.2284470234684
2013-12-15,"ambient",47.4873619518818,8.23618502439429,8.16743125191141,5.77064069582045,0.746614869109139,0.973761187533135,21.6641338094732
2013-12-15,"elevated",59.1969641019322,12.7423649435442,12.99398347452,5.16714113675779,2.07870101552939,1.43609626608659,24.6626230699578
2013-12-16,"ambient",47.7800363216631,8.77307515804399,8.25597689484827,5.93864729956293,0.804138875857182,0.98019408276005,21.703993510153
2013-12-16,"elevated",59.9592983485769,13.0327832150159,13.0998630816115,4.42763443338755,1.7693542024409,1.4391926674684,24.7033729372213
2013-12-17,"ambient",50.0484233616305,10.8299313320445,8.34486694430958,6.26412693799178,1.01080996194679,0.986675079686506,21.3195814348508
2013-12-17,"elevated",58.0386368074433,15.7027565069123,13.206225402633,5.30745528858846,1.89008544556408,1.44229784412628,24.3196247095109
2013-12-18,"ambient",44.5084423807592,9.89511863735161,8.4341012200725,5.53476678769011,0.932767160280375,0.993204652667937,21.6316655460744
2013-12-18,"elevated",51.6929146957713,15.4985742554628,13.3130709398814,4.37286291998685,1.81486220503612,1.44541257142333,24.6317064760987
2013-12-19,"ambient",45.2577761012347,12.1032660964365,8.52367954380407,5.62309196485826,1.22078040400661,0.999783277465256,21.6826125380427
2013-12-19,"elevated",53.5110554119983,17.9690675709106,13.4204001943644,4.84231973852215,1.70815669959998,1.44853763648309,24.6832346786641
2013-12-20,"ambient",38.1208611495218,19.4482552746003,8.61360173903068,4.15735746655121,1.79688095333146,1.00641143107335,21.8425021302478
2013-12-20,"elevated",46.9258936253086,28.0120339122158,13.52821366581,4.21555894825701,2.96280147115145,1.45167383810301,24.7755994081819
2013-12-21,"ambient",49.0558708511386,12.3703140034289,8.70386763110809,6.57256646852944,1.21145151314679,1.01308959155254,24.6963125135895
2013-12-21,"elevated",58.3319714420215,17.3720306879791,13.6365118526743,5.89936698918837,1.85591226180925,1.45482198666304,27.8255041904171
2013-12-22,"ambient",42.5100254832091,17.5836522633667,8.7944770471922,5.03129643909953,1.74911432566071,1.01981823786297,26.3451000239523
2013-12-22,"elevated",48.9669479145256,23.5433356318115,13.7452952521514,4.8616805628456,2.55505463120477,1.45798290403023,29.6013832666915
2013-12-23,"ambient",33.50179414998,13.0382416564227,8.88542981621046,4.06292453258727,1.27146471183149,1.02659784970209,27.3173741249906
2013-12-23,"elevated",37.7346771275455,16.2809718703151,13.8545643601814,3.9267218443404,1.94446021986758,1.46115742345804,30.2797167822333
2013-12-24,"ambient",23.7306922973771,6.82531327415896,8.9767257688338,2.91584017294574,0.618192369966149,1.03342890734503,27.0431831847627
2013-12-24,"elevated",29.5841338592614,8.36390959621942,13.9643196714591,2.74787760740116,0.927857885076136,1.46434638948128,30.0418278183276
2013-12-25,"ambient",17.2045240156467,7.62398039091534,9.07041788468981,2.22469972814082,0.6529440455145,1.04206919570995,24.8639236172002
2013-12-25,"elevated",21.1009530157257,9.58078061821926,14.1031126604283,2.07561464837154,0.945799873997009,1.46640066610455,27.861170484525
2013-12-26,"ambient",57.3659461492568,10.5415035461077,9.16458200289078,7.74426127221257,0.832265445769999,1.05082176488293,21.4628715992752
2013-12-26,"elevated",65.7602227130351,13.0773351060433,14.2426295900091,6.90769485169642,1.26320346047141,1.46855361491739,24.4561205460731
2013-12-27,"ambient",57.8075411644682,11.5354046939472,9.25921800910271,6.070700737159,0.968416874812878,1.0596881928848,19.6438789668302
2013-12-27,"elevated",65.6421582529088,14.0503554358184,14.3828714086897,5.47737627673575,1.35033761154818,1.47080897407044,22.6423593809474
2013-12-28,"ambient",65.3853887034564,15.8837468635461,9.35432579026048,6.95128973083086,1.13718723725899,1.06867003748742,20.3450728092911
2013-12-28,"elevated",69.464975038283,20.4563536808265,14.5238390613948,5.73359026851112,1.6422166514693,1.47317051643829,23.2630389273457
2013-12-29,"ambient",61.7266822237817,12.2146979911374,9.44990523454847,8.24806274791991,0.948752883779356,1.07776883549897,22.2794050108758
2013-12-29,"elevated",74.7617177294813,16.4887477861212,14.6655334895213,6.640194266793,1.41926411364572,1.47564204697752,24.8834635017902
2013-12-30,"ambient",56.233365837207,15.905850555647,9.54595623138124,6.84483689143528,1.36594003575425,1.08698610209543,21.9984274205317
2013-12-30,"elevated",61.1893806036003,19.3834165446118,14.8079556309736,5.25470709089682,1.80124228771488,1.47822739997696,24.6009161025888
2013-12-31,"ambient",52.3183159705873,13.3095988784802,9.64247867138486,6.28877640792864,1.11418127517304,1.09632333019827,23.3662867700841
2013-12-31,"elevated",58.0577593561025,18.8639378196443,14.9511064201984,5.79011354763544,1.85634173426527,1.48093043620294,25.292386418816
2014-01-01,"ambient",51.9009907074373,14.3236342207139,9.73947244637854,6.21748224437669,1.22757089703563,1.10578198989833,22.8466081323592
2014-01-01,"elevated",61.210745503741,20.5766019020747,15.0949867882192,6.02965688409167,1.97756540111274,1.48375503994262,24.7661672094912
2014-01-02,"ambient",36.5145340692082,16.2392693522839,9.83693744935667,4.31498355058526,1.45819835844894,1.1153635279252,23.6644465406664
2014-01-02,"elevated",42.4566276884218,22.0880668232221,15.2395976626692,4.25932185660715,2.23188592919991,1.48670511594918,25.580460752448
2014-01-03,"ambient",43.485020011469,15.8014887899721,9.93487357447129,5.36959578034816,1.26623849855134,1.12506936716196,23.9087266450039
2014-01-03,"elevated",47.0157135559983,20.4353662528997,15.3849399678256,4.18590195314697,1.90801464848875,1.48978458629367,26.581786467437
2014-01-04,"ambient",58.1894783774342,14.6511916997278,10.0332807170146,7.4050834314961,1.19766320846534,1.13490090620463,24.4560342911663
2014-01-04,"elevated",66.3830132252997,19.4521249549582,15.5310146246408,5.95155414211648,1.75841589255001,1.49299738712794,27.3292980948953
2014-01-05,"ambient",64.6648613400233,14.1807789005192,10.1321587734026,8.47294914069938,1.0632609212525,1.14485951896605,24.5083713541847
2014-01-05,"elevated",74.3421947468996,19.2089457735765,15.6778225507754,6.87463655032868,1.76087938148378,1.49634746536469,27.3846082899819
2014-01-06,"ambient",53.7335087346648,15.3608923258607,10.2315076411579,7.01075699323064,1.2137602932679,1.1549465543229,23.6917213801706
2014-01-06,"elevated",59.7562850495051,20.2860054231637,15.8253646606297,5.39015139917204,1.92895829110406,1.4998387752806,26.5691205532561
2014-01-07,"ambient",31.7376402554301,9.12333739774029,10.3313272188939,3.69256359688227,0.742465185750634,1.16516333580585,23.3554475165872
2014-01-07,"elevated",37.0568695900291,11.7740490563191,15.9736418653741,3.24276076595372,1.20013642446695,1.50347527504929,26.3551640290457
2014-01-08,"ambient",29.4446666368194,8.85865464927035,10.4387273869004,3.617479282084,0.823526471313944,1.1876389086893,21.5654176188934
2014-01-08,"elevated",35.2354014573619,11.4500393187345,16.1167927244684,3.27259908028651,1.11281964131996,1.51712201942374,24.5621268323269
2014-01-09,"ambient",44.4663971000013,10.2544724525793,10.5467024185611,5.30686003253961,1.14119928041043,1.21041226747231,19.6001726564332
2014-01-09,"elevated",51.4912624900925,13.3032645299164,16.2602688215221,4.68158968607433,1.27693100092142,1.53119501214668,22.5993569761859
2014-01-10,"ambient",59.848087458301,13.7221111790403,10.6552524279725,7.73565632911639,1.27647378305189,1.23347987624296,18.2360567346565
2014-01-10,"elevated",67.0194207669731,18.0707907187746,16.4040710671913,6.75870182632708,1.72386239944906,1.54569732539864,21.2380177628372
2014-01-11,"ambient",53.493310183273,18.3552507550789,10.7643775284759,6.58782468232154,1.65343619964342,1.25683837164285,19.348787833443
2014-01-11,"elevated",56.0907911458353,23.7312082200829,16.5482003693061,5.61735172974506,2.26812341174511,1.56063176401634,22.3513125551549
2014-01-12,"ambient",54.0769299851881,15.8541206448965,10.8740778326693,7.1311616114276,1.50893078480291,1.28048455517331,21.6929746280546
2014-01-12,"elevated",58.9117630383379,20.39833860556,16.6926576328939,5.76333715653095,1.94756322821295,1.57600087074431,24.6941686510383
2014-01-13,"ambient",55.5770171399276,13.6080995807529,10.9843534524184,6.95132620681715,1.33333919357258,1.3044153856882,23.2461107778587
2014-01-13,"elevated",58.5392774726834,17.8343435640112,16.8374437602036,6.67855660230856,1.82091198248857,1.59180693221596,26.2460548408019
2014-01-14,"ambient",49.6903612534167,16.4180855608822,11.0952044988675,6.00073104081977,1.40850606162333,1.32862797209765,23.3615033649416
2014-01-14,"elevated",51.5793454780004,20.8331719828755,16.9825596507287,4.34978091504573,1.85786383262988,1.60805198559686,26.3335953486532
2014-01-15,"ambient",49.0861938719085,18.5208898511064,11.206631082451,5.03080996047013,1.49974030529355,1.35311956630227,23.179266242145
2014-01-15,"elevated",51.2164280996189,24.7447989346901,17.1280062012301,4.26029067270811,2.35200326164686,1.62473782582195,26.0901608126868
2014-01-16,"ambient",48.0030201120045,18.8074339280687,11.3186333129035,6.23594753631039,1.49849511628802,1.37788755637034,23.5902223672808
2014-01-16,"elevated",46.2471667098779,22.8222435524438,17.2737843057591,4.30124011441391,2.84128776684643,1.64186601335625,26.6370663038594
2014-01-17,"ambient",48.3180297178082,17.3689589629178,11.4312112992699,5.65251870826818,1.23409863557702,1.40292945996732,24.8123262392467
2014-01-17,"elevated",49.0930077625945,22.1947255414213,17.4198948556796,4.71487554223091,2.15064838625457,1.6594378824096,27.6913725938101
2014-01-18,"ambient",49.5621220364347,19.7036557371409,11.5443651499163,5.36893538218138,1.2973124118093,1.42824291804275,25.1563419564332
2014-01-18,"elevated",52.4986396714441,24.347407833799,17.56633873969,5.25159813520542,2.23458858450546,1.67745454953545,28.0947935271944
2014-01-19,"ambient",56.4881384031263,13.7335407213177,11.6580949725394,7.25036536491188,1.46697735025294,1.45382568877619,25.5469804247659
2014-01-19,"elevated",57.7269834941807,17.7150482683376,17.7131168438454,4.79936240800064,1.69880775076742,1.69591692254585,28.3044338169823
2014-01-20,"ambient",41.9486174597165,12.5043336694178,11.7724008741762,5.52307839734206,1.10085866651825,1.47967564178212,25.0788845897611
2014-01-20,"elevated",45.2405808074063,14.8786377146897,17.8602300515787,4.50876940439129,1.48721437313889,1.71482570967637,28.0300159627771
2014-01-21,"ambient",40.180035706469,12.3895788729964,11.8872829612137,5.09245913288178,1.10721305478944,1.50579075257076,24.363295145091
2014-01-21,"elevated",42.2427442026451,14.8698527496715,18.0076792437219,4.63127244744785,1.48228148996419,1.73418142893685,27.3111673802968
2014-01-22,"ambient",17.0128650703066,9.23764743246285,11.9592538278647,2.13966184099374,0.840863314698034,1.5121113261268,22.7246561971309
2014-01-22,"elevated",18.1597792584876,11.1478744077938,18.0872774421877,1.73862486129299,1.17666167364266,1.73186713239403,25.7213452650643
2014-01-23,"ambient",39.386998731416,11.3756073169665,12.0226895702821,5.03121902372903,1.03279657316589,1.51895537567379,21.276055552792
2014-01-23,"elevated",41.3523393474173,13.3124414734247,18.1426712430645,4.27246178221476,1.32437465500283,1.73011293808933,24.2720489745713
2014-01-24,"ambient",49.9562623969871,14.0934639401725,12.0946333129534,6.52779573904495,1.32047586428092,1.52545747108199,20.3963918209274
2014-01-24,"elevated",52.8186365239321,16.2423580271862,18.2218031871538,5.18069237246806,1.60786078651958,1.72763836990294,23.398857584318
2014-01-25,"ambient",57.0850066142309,11.7099391891392,12.1665633423605,8.22241496092519,1.08489637001089,1.5320493195373,20.7839973093096
2014-01-25,"elevated",60.1550714576266,13.4607559326489,18.3007023956261,5.87836658560819,1.35522200722475,1.72513089517531,23.7432201217995
2014-01-26,"ambient",35.8431917172996,8.72054047614195,12.2384795588233,5.15063640474301,0.871418195733878,1.53873074161093,20.9556349309223
2014-01-26,"elevated",38.3501294749265,10.5291999381978,18.3793691288598,3.91698918469785,0.970132148655082,1.72259123234221,23.9234458120613
2014-01-27,"ambient",70.6096538194923,13.4423605543163,12.3103818635233,10.0430791936645,1.24986163715891,1.54550155289008,20.131538546235
2014-01-27,"elevated",72.6334850504379,16.266111989533,18.4578036467341,6.21318154927072,1.42063300975173,1.72002018317972,23.095542042464
2014-01-28,"ambient",56.0418510821576,15.269532151798,12.3822701584917,7.16925847586559,1.44171647900019,1.55236156419016,19.2497559968014
2014-01-28,"elevated",59.9294880961836,18.4716539157073,18.5360062086325,5.9447977730352,1.4695619128295,1.71741863364521,22.253877839688
2014-01-29,"ambient",50.1735890226412,18.1425127280391,12.4541443465975,6.48930668354078,1.35460374282273,1.55931058176545,19.746237183939
2014-01-29,"elevated",50.9607133602734,21.5042627051937,18.6139770734441,4.01959882749488,2.67322085056635,1.71478755474495,22.6718783489059
2014-01-30,"ambient",51.0082613073361,15.326191280278,12.5260043315354,6.08211493452473,1.57107395988231,1.56634840751796,21.765403716341
2014-01-30,"elevated",50.6277296228252,18.5765292968014,18.6917164995675,4.23285071118354,1.56524833288835,1.71212800342701,24.6355113441603
2014-01-31,"ambient",47.185015255006,19.2519590647526,12.5978500178153,5.70185187277288,1.92201785928775,1.57347483920412,22.9285396487666
2014-01-31,"elevated",47.5316912138951,21.9981141929653,18.7692247449119,4.36354040220762,1.87922460394248,1.70944112349833,25.8114540866899
2014-02-01,"ambient",43.6377044751137,15.4381294827725,12.6696813107504,5.10959483041504,1.38829036519214,1.58068967063923,23.842943608823
2014-02-01,"elevated",44.6324424549822,18.3999955172281,18.8465020669007,3.82912370330087,1.73947760324327,1.70672814656509,26.6137065467608
2014-02-02,"ambient",45.3831098137409,13.5063996765927,12.7414981164465,5.09642230273288,1.24539213068869,1.58799269189954,24.2665226305254
2014-02-02,"elevated",45.2470155088434,17.8606276812689,18.9235487224733,4.36681416409293,1.70228719974922,1.70399039299435,27.0943076419859
2014-02-03,"ambient",50.5128942972421,13.4882680362101,12.8133003417915,6.36306144353456,1.36276012263497,1.59538368952166,24.4822411217558
2014-02-03,"elevated",49.0421169591054,17.9454141235804,19.0003649680877,4.87842205674772,1.57137411498783,1.70122927289567,27.2924660925809
2014-02-04,"ambient",32.9151838444469,9.31562907950029,12.8850878944445,4.11768321558594,0.871190814056069,1.60286244669911,24.2702397236572
2014-02-04,"elevated",36.2955715809667,11.1059575984441,19.0769510597227,3.21865700407675,0.995192974925452,1.69844628712073,27.3678018650322
2014-02-05,"ambient",47.3064356459258,9.18917131251622,12.9599841771653,6.55502430602143,0.923470516165176,1.60730023622966,22.5081730720246
2014-02-05,"elevated",51.4733205486447,11.1259666550558,19.1472962668662,4.89291535566868,0.977182193411299,1.70283865956788,25.5345280917248
2014-02-06,"ambient",53.3452963674846,9.2732045404347,13.0350460068921,7.13252919408485,0.899244979966148,1.61167467235727,20.8166022005887
2014-02-06,"elevated",56.511023116884,11.4287450190902,19.2180561187489,5.88199011810492,0.985225387022726,1.70751404143616,23.8483732679511
2014-02-07,"ambient",49.1715926510447,13.8354535948479,13.1102732682399,7.50908026868778,1.32807477663744,1.61598547795872,19.1847222590414
2014-02-07,"elevated",53.925510193448,15.7425702839246,19.2892305867657,4.68659891453063,1.64812309059085,1.71247373420154,22.113251346
2014-02-08,"ambient",48.2592638885925,15.3445874973049,13.1856658467039,6.70523552109829,1.48278955590409,1.62023242949219,19.7070696905058
2014-02-08,"elevated",53.8457136706167,19.3949017539093,19.3608196427019,4.87049237356596,1.88494434874634,1.71771892917593,22.5621864426089
2014-02-09,"ambient",41.6542774713574,17.0277772835414,13.261223628649,5.01527116492636,1.66964412242088,1.62441535619205,21.0363008871662
2014-02-09,"elevated",40.6194280521573,21.0536461190737,19.4328232587289,4.49752595575966,1.85302388590347,1.72325070709879,24.021084240571
2014-02-10,"ambient",43.203233302826,12.252200396326,13.3369465012996,5.75885796032501,1.22248768440635,1.62853413930756,22.9794565762409
2014-02-10,"elevated",44.8036871015472,14.8222079990646,19.5052414074002,4.21744453703767,1.45588421868522,1.72907003800239,25.7145607182922
2014-02-11,"ambient",42.2766831695463,11.4869338439319,13.4128343527291,5.44489797739591,1.18634906824101,1.63258871138374,23.487996526698
2014-02-11,"elevated",44.0276797041942,13.3661572501413,19.5780740616473,4.38441155616408,1.31736115831146,1.73517778134793,26.3642649962377
2014-02-12,"ambient",40.6520724982979,9.69948668275373,13.4888870718506,4.90152886688026,1.06691999276697,1.63657905558357,23.4813244939739
2014-02-12,"elevated",41.4623540247739,10.7427430887289,19.6513211947751,4.26419178487382,1.04375349165181,1.74157468642801,26.2279305837286
2014-02-13,"ambient",53.6808925081378,13.698753712041,13.5651045484068,6.51248767779685,1.32611345459927,1.64050520505008,23.3192431539544
2014-02-13,"elevated",51.4170687862098,14.7727248621242,19.7249827804586,5.2429066062897,1.37770742420835,1.74826139302997,26.102215465908
2014-02-14,"ambient",38.2690428274336,12.2268207510219,13.6414866729604,4.35560461189284,1.17779055619057,1.64436724230719,24.1567433552108
2014-02-14,"elevated",37.6935898995109,12.7062846858387,19.7990587927387,4.00062233905522,1.29845002236826,1.7552384323528,26.7616561223529
2014-02-15,"ambient",34.6717323918756,12.2003929447407,13.7180333368849,4.27726026706328,1.28557873887027,1.64816529869826,23.9543587483591
2014-02-15,"elevated",34.5764230920294,13.3532456734769,19.8735492060182,3.508432904585,1.52355597145992,1.76250622816973,26.5568974998413
2014-02-16,"ambient",17.194113052902,10.1972050959874,13.7947444323548,2.13845002491452,0.948839471458544,1.65189955386084,23.2763230479358
2014-02-16,"elevated",17.507305519608,11.3653170281044,19.948453995058,1.76184960833271,1.42744786109051,1.77006509822688,26.0925705906936
2014-02-17,"ambient",39.6996007438193,9.57277530869351,13.8716198523372,5.27133429174211,0.915021844649363,1.65557023523699,22.011045615254
2014-02-17,"elevated",38.1195433781917,10.9049304458772,20.0237731349735,2.35379650431981,1.26523568832822,1.7779152558677,25.0099261045227
2014-02-18,"ambient",50.899012161139,12.9030904431294,13.948659490582,5.62297295490631,0.921377984166168,1.6591776176173,21.1223461060852
2014-02-18,"elevated",56.3896305510457,14.0936344677604,20.0995066012308,5.75127537656875,1.6401904117803,1.78605681187182,24.1219418522788
2014-02-19,"ambient",14.3742338247238,11.110770894698,14.0158830895083,1.44012356333065,0.967085003201866,1.65800886030385,20.7248645833395
2014-02-19,"elevated",19.7307596591052,12.6170672337464,20.2084066575939,1.93876596939935,1.28557875869184,1.8039868969083,23.7245047976846
2014-02-20,"ambient",50.696031127606,10.923282375497,14.083521894852,7.49365479254352,0.953336250831633,1.6569689864565,20.7021008508869
2014-02-20,"elevated",45.0442617027384,12.2828390491202,20.3180208846249,5.23663951884778,1.3778169684726,1.82243352999714,23.6962346106257
2014-02-21,"ambient",59.8808320193834,12.5210332471519,14.151575847729,8.56517333777176,1.01888898441499,1.6560595026857,21.4708590153522
2014-02-21,"elevated",56.8788293479761,13.598069580088,20.4283497151932,6.68430507623448,1.32844123909192,1.84139061362958,24.4702288804979
2014-02-22,"ambient",54.6305896780997,12.7392585319019,14.2200448896014,7.47563144836435,0.975285227976094,1.65528192894947,21.3634873731664
2014-02-22,"elevated",54.5391623149189,13.8026903170834,20.5393935809099,6.33237558805059,1.49451279656556,1.86085199240445,24.3632630525261
2014-02-23,"ambient",41.1997901864133,10.9621899305056,14.2889289622742,5.28111601282849,0.975701152233573,1.65463779743199,21.2951258108349
2014-02-23,"elevated",42.2769831968018,12.1334747607267,20.6511529121362,4.85556704591472,1.29741613990101,1.88081147279339,24.2992783356832
2014-02-24,"ambient",49.66106060222,14.0545788832416,14.3582280078926,5.70507001794642,1.04289951203527,1.6541286513895,20.7502274974569
2014-02-24,"elevated",48.650084217874,15.4478929095245,20.7636281379935,6.29406587647557,1.59282812336621,1.90126284165895,23.7494215371661
2014-02-25,"ambient",49.8539220984946,14.7207175084462,14.4279419689383,5.6388805528317,1.24923896111554,1.65375604396533,21.1885058263144
2014-02-25,"elevated",46.2496037376463,16.7953578999028,20.876819686372,5.82758442871593,1.73063604240546,1.92219988350969,24.1910514535934
2014-02-26,"ambient",46.2303098674756,16.4086084651418,14.4980707882268,5.7444231539975,1.24583060346877,1.65352153697573,21.5694053804006
2014-02-26,"elevated",44.0521327700984,18.4575235527293,20.9907279839396,5.11072538955737,1.91711689727557,1.94361639648927,24.5709656966706
2014-02-27,"ambient",19.4825073573567,10.3866490129312,14.5590650615699,2.18998869178887,0.757018331579761,1.6516656708363,22.391036858072
2014-02-27,"elevated",20.2303987221592,11.3940355555783,21.0159791228308,1.91712993831194,1.32960408007211,1.94734314316803,25.3923607941787
2014-02-28,"ambient",17.6777660982631,9.25227754858294,14.620481511962,2.05433597427772,0.772343013539223,1.6501267434042,21.5066099415442
2014-02-28,"elevated",18.7287814199207,10.2848736403962,21.0415115287413,1.89181312592487,1.08105314460474,1.95126841638111,24.5012262830064
2014-03-01,"ambient",25.3836070603337,9.89242560528066,14.6823204738214,3.26138989151979,0.828270893213007,1.6489078892643,19.9455834172722
2014-03-01,"elevated",25.9015897674043,11.0026119560859,21.0673253813466,2.7948211463648,1.16982220076526,1.95539187660936,22.941974004791
2014-03-02,"ambient",29.3193034257315,10.419112565488,14.7445822807956,3.87241882700755,0.894080686191641,1.64801209808233,18.3928925411619
2014-03-02,"elevated",29.6255421867157,11.5152552708814,21.0934208597305,3.11572905021507,1.20705915123251,1.95971317070368,21.3887082252369
2014-03-03,"ambient",44.0262703159882,12.6050750041804,14.8072672657677,5.60110441424868,1.13319353968712,1.64744220830364,17.9861217238628
2014-03-03,"elevated",46.756480118953,12.9737364879483,21.1197981423933,4.99894268115703,1.46299435403727,1.96423193239679,20.989395316824
2014-03-04,"ambient",49.0901388725563,11.6031575121395,14.8356849471932,6.01367555075946,0.972954341177064,1.63758887305161,18.7632940633166
2014-03-04,"elevated",50.0569914437634,13.5140037517391,21.0509817331976,5.75863578088872,1.56800696757265,1.94457495519018,21.64696795593
2014-03-05,"ambient",59.291846592651,13.361092273515,14.9099780105847,7.58299539760725,1.09353570442288,1.647925334987,19.496368770876
2014-03-05,"elevated",56.3521863397438,15.3532100244371,21.0674511114405,6.58901289577179,1.97714838690991,1.94753445423265,22.3845809502592
2014-03-06,"ambient",42.364059087417,12.5649468667365,14.984651427456,5.33805200732877,1.20454382067361,1.65864482620793,20.0346664931424
2014-03-06,"elevated",42.7248496594675,13.3549192191687,21.0842317587431,5.03727991344257,1.65741994412384,1.9506896837758,22.9631132307812
2014-03-07,"ambient",53.3444107229818,14.1427371263444,15.059705500092,6.5356215486717,1.23868452982404,1.66974642428557,20.403824231552
2014-03-07,"elevated",52.5036288112411,16.0651430440057,21.1013237476722,6.41879201095099,1.97508240068949,1.95404053292045,23.4565335288298
2014-03-08,"ambient",65.4050414973263,16.8951004218879,15.1351405303573,8.98815051723386,1.30955313863286,1.68122905143903,20.5732483189152
2014-03-08,"elevated",62.4661831068925,18.8176498663044,21.1187271505545,8.23496512268447,2.1493917595831,1.95758692871517,23.6134549817926
2014-03-09,"ambient",65.8890686849816,14.6431618277868,15.2109568196975,8.1006088413767,1.49296299214431,1.69309148220528,21.2481964649016
2014-03-09,"elevated",61.3336447122366,17.2761445205342,21.136442039479,7.98668109894047,1.98454489854962,1.96132883588397,24.2419642457119
2014-03-10,"ambient",59.8195105866392,15.5683648799842,15.2871546691395,7.4426912141135,1.31837639880733,1.7053323512918,21.3873020130649
2014-03-10,"elevated",55.0614357062289,18.2117594204272,21.1544684862992,7.71148161943143,2.12895693521737,1.96526625650097,24.3744167957326
2014-03-11,"ambient",59.7825043526742,14.8999138354336,15.3637343792921,7.19082591329515,1.12015020541431,1.71795016156337,21.6191626908386
2014-03-11,"elevated",61.0312481607025,18.6375895112126,21.172806562635,8.40417037003776,1.94740390671736,1.96939922961334,24.6196795675252
2014-03-12,"ambient",58.2619845213519,16.497939137143,15.4406962503468,7.80240589495196,1.5381799080066,1.73094329211603,21.2068521716891
2014-03-12,"elevated",59.657126955219,18.4362856331191,21.1914563398753,7.6566058795159,2.22825534769085,1.97372783081398,24.4140271145324
2014-03-13,"ambient",49.203832714216,14.91536084863,15.5180405820783,6.28844217027686,1.35876667703166,1.74431000639347,21.0676633627718
2014-03-13,"elevated",49.2456511754934,16.9880955066544,21.2104178891795,6.30383350910091,2.0240863997069,1.97825217176538,24.2776754624438
2014-03-14,"ambient",56.8138171560193,14.5978787131716,15.5957676738457,7.11322990378489,1.29677512328922,1.75804846030345,21.1050261117321
2014-03-14,"elevated",54.752903509966,16.376752720787,21.2296912814799,7.26341308311031,1.9416105366997,1.98297239967652,24.3137293668957
2014-03-15,"ambient",50.586361180561,15.1460933618294,15.6738778245925,6.27219163689007,1.40251326891518,1.77215671029411,21.2609299373927
2014-03-15,"elevated",49.4376598479167,16.0774085893065,21.2492765874839,6.17897144168521,1.80900637677287,1.9878886967344,24.2613518737544
2014-03-16,"ambient",50.9393507906862,13.961637095325,15.752371332848,6.34911826965562,1.24455549968207,1.78663272135369,21.6234205532003
2014-03-16,"elevated",51.0983759689902,15.5706545965322,21.2691738776756,6.47081874785239,1.78151510954693,1.99300127949194,23.9530649551821
2014-03-17,"ambient",54.2619355023876,14.9618036889673,15.8312484967275,6.73273245640089,1.48546581121145,1.80147437489899,22.0247600282381
2014-03-17,"elevated",56.8370659314705,17.681552457426,21.2893832223183,6.8090472317211,1.92659779005991,1.99831039821431,23.5385660079165
2014-03-18,"ambient",55.4335852372453,16.1320406285299,15.9105096139338,6.72205009572313,1.62529651709839,1.81667947652201,22.4755197159817
2014-03-18,"elevated",57.2319483734664,19.7295578331708,21.3099046914561,6.81645080289924,2.04960067135379,2.00381633618545,23.2598362231999
2014-03-19,"ambient",52.1782745898711,14.3633108547112,15.9901549817571,6.96360438589283,1.17222927950457,1.83224576356665,22.6704845815908
2014-03-19,"elevated",50.4179334106435,18.5873272093126,21.3307383549157,7.96081167357128,2.13583586246191,2.00951940897686,23.5732788234916
2014-03-20,"ambient",59.639373540047,15.4880254000563,16.0651521621877,8.56601360710129,1.38997795459223,1.84039719581697,21.9251949596663
2014-03-20,"elevated",50.6040203282664,19.2950823282942,21.3667034603499,10.5938382031293,2.28790117090343,2.01821054306025,23.6416234667334
2014-03-21,"ambient",47.1785777755467,13.610924457674,16.1403937790626,5.85428851629539,1.12865170867208,1.84873357549912,21.8705142863499
2014-03-21,"elevated",44.9518994715846,17.0110748188997,21.4023977087189,5.32215067609827,1.97515783314982,2.02723060852524,24.3164446486391
2014-03-22,"ambient",58.4100102844167,15.7349563650103,16.2158801857817,7.39032221704753,1.38782754822081,1.85725580281892,21.2487257230966
2014-03-22,"elevated",52.2910017993229,18.8340154487667,21.4378212338776,7.64243013784008,2.02094391407647,2.03658047501217,24.2431894778553
2014-03-23,"ambient",43.6407915002218,14.1909823358447,16.2916117344423,5.29362902494504,1.20586402116793,1.86596473507397,21.229791760715
2014-03-23,"elevated",41.6885348797434,16.0041325412015,21.4729741693811,5.10499442068957,2.05182005283614,2.04626101135517,24.2283770660476
2014-03-24,"ambient",24.1197301794741,11.0915625282227,16.3675887758545,3.31455737082264,0.909808864692195,1.87486118685296,20.7928113839318
2014-03-24,"elevated",23.8067417415749,13.371497622814,21.5078566484879,3.35065838924692,1.4503548082935,2.05627308426937,23.7937739462622
2014-03-25,"ambient",63.5607188898229,15.8656224520658,16.4438116595555,8.49102879792684,1.38128673897929,1.88394593028919,19.9095827817741
2014-03-25,"elevated",57.0333864670046,18.3446379967806,21.5424688041617,7.86835244862326,1.90386431706867,2.06661755707528,22.9098094057747
2014-03-26,"ambient",27.6468445072359,15.148164720953,16.5202807338248,3.06452352065708,1.28834135896816,1.89321969536685,19.5701849691765
2014-03-26,"elevated",27.4701900338823,16.6184812244077,21.5768107690749,3.34725440984979,2.01544750215292,2.0772952884642,22.5695529772662
2014-03-27,"ambient",19.837597059383,11.0151835478654,16.5969963456975,2.38240446285585,1.07316285162381,1.9026831702781,19.550527212767
2014-03-27,"elevated",19.4359124744804,12.0229982876245,21.6108826756107,2.1157136308952,1.37682820992919,2.08830713130675,22.5448188713161
2014-03-28,"ambient",38.580597686955,13.4201791350186,16.6739588409794,4.94325405025774,1.14237590077959,1.91233700182917,19.8208296635927
2014-03-28,"elevated",37.3634222525264,14.6571552851373,21.6446846558661,4.12692420378843,1.48226892210005,2.0996539315076,22.8208984166111
2014-03-29,"ambient",52.5748028770447,14.8392574116158,16.7511685642598,6.87146441365261,1.29463094801866,1.92218179589369,19.7861660018482
2014-03-29,"elevated",48.2561225126547,15.8855492089976,21.6782168416538,6.08287405836244,1.74356421480293,2.11133652690836,22.7854130944388
2014-03-30,"ambient",52.9506843822206,14.2468114268588,16.8286258589255,7.98324717425206,1.21366669335224,1.93221811791074,19.7460834522668
2014-03-30,"elevated",46.0240287639649,15.1737431674967,21.7114793645055,6.97991208379495,1.8092527149838,2.12335574624076,22.7483435709061
2014-03-31,"ambient",60.7975514390679,14.2028900947327,16.9063310671741,8.96061903623201,1.09185079934942,1.94244649342587,20.4673606722223
2014-03-31,"elevated",55.4097290484686,16.0381662473431,21.7444723556737,7.52401011166151,1.55376569823953,2.13571240813171,23.4678300212362
2014-04-01,"ambient",61.6161052735545,13.9413313754802,16.9842845300268,7.52971580489956,1.13116868104814,1.95286740867283,20.5988960335611
2014-04-01,"elevated",64.1070805305521,16.69434865409,21.7771959461345,8.90523009212167,1.74195815680375,2.14840732016188,23.5872179182143
2014-04-02,"ambient",59.9257819629135,15.5503963144426,17.0758733837129,8.61895665300458,1.2492191654668,1.97048592881801,20.1954304985258
2014-04-02,"elevated",51.4608002681917,18.2366257169458,21.7949322198693,7.95221030137745,2.10047269724455,2.15567829704634,23.1667559993467
2014-04-03,"ambient",60.2382957380596,20.2483195678437,17.1677448380528,8.22982659950038,1.56179568830055,1.98843756432377,19.8234135791446
2014-04-03,"elevated",55.7653571408716,21.8249667517158,21.8123838888331,7.30262535464944,2.65723617823817,2.16327441785214,22.7900926924737
2014-04-04,"ambient",26.6515151201143,14.4546883651414,17.2598992229159,3.21547631516316,1.10482738176552,2.00672130737796,20.5442796787434
2014-04-04,"elevated",25.0202701341481,15.6872866992151,21.8295510194989,3.1009882493203,1.83466732935576,2.17119433941592,23.5239646716889
2014-04-05,"ambient",56.0641191274499,15.2482280199864,17.35233686789,7.96877194494002,1.15743265697472,2.0253361291324,20.953640639442
2014-04-05,"elevated",49.5841269893692,16.1901390005288,21.8464336780696,7.12550205541108,2.02569960515543,2.17943690609182,23.9503230151129
2014-04-06,"ambient",43.9298426794928,13.1150335741137,17.445058102279,6.07569820582094,1.0070020189927,2.04428098258183,21.227468645107
2014-04-06,"elevated",39.7450037268992,13.7890029138804,21.8630319304808,5.28208350446983,1.71355443853403,2.18800114802801,24.2252935599938
2014-04-07,"ambient",39.9642833709366,12.4699286260895,17.5380632551003,5.11134508607848,0.956041558186947,2.06355480532679,20.2508833245696
2014-04-07,"elevated",36.9318001232912,13.2637098947989,21.8793458424029,5.26257519496133,1.41684055384725,2.19688627906709,23.2487870635712
2014-04-08,"ambient",70.176207741014,13.2520398285007,17.6313526550824,10.4768843054611,0.982798085956538,2.08315652221805,19.1947365948758
2014-04-08,"elevated",61.839708096555,14.3774350779145,21.8953754792439,8.83227072128682,1.73106513617747,2.20609169428974,22.1921397304886
2014-04-09,"ambient",75.3529019739134,15.2970614820004,17.7249266306632,11.0453371986071,1.29015040204165,2.10308504788119,18.5056933538328
2014-04-09,"elevated",65.8247920918263,16.8380714563673,21.9111209061518,9.89986783649196,1.82747438656896,2.21561696722111,21.5056092600622
2014-04-10,"ambient",32.4472466658578,14.2226000030399,17.8187855099873,3.95882046105275,1.18062056588214,2.12333928912028,18.3760545523108
2014-04-10,"elevated",30.5792631769285,14.9456660874968,21.9265821880166,3.25769436242626,1.7824853655848,2.22546184671896,21.3744167078495
2014-04-11,"ambient",50.7610316213396,16.9353211678818,17.9129296209044,6.94632099695881,1.37152777123343,2.14391814720106,18.7924421599272
2014-04-11,"elevated",44.0976397322545,18.180815514509,21.9417593894733,6.68724865413426,2.00519077329337,2.235626253564,21.7907795797209
2014-04-12,"ambient",45.7364273114633,13.5993396029077,18.007359290967,5.88367578392717,1.08773367947861,2.16482052001337,19.5868434379242
2014-04-12,"elevated",43.5039529625161,14.2241252899437,21.9566525749037,6.42451115598007,1.57419503763759,2.24611027677177,22.5854910850743
2014-04-13,"ambient",55.2879306585429,13.0208083337916,18.102074847429,7.69175958663375,1.05813175299177,2.18604530411447,19.6217931648865
2014-04-13,"elevated",50.5194028476459,13.8592079416687,21.9712618084393,6.77709592708462,1.64372550849426,2.25691416964553,22.5452279003888
2014-04-14,"ambient",55.4229375302287,10.8001267647703,18.1970766172432,8.01341990109389,0.892113046466483,2.2075913966542,19.4414691021505
2014-04-14,"elevated",49.182354834637,11.8956965563136,21.9855871539631,6.87711949520059,1.3657564834058,2.26803834559033,22.3657091580069
2014-04-15,"ambient",57.9614989643421,12.8266329650481,18.2923649270603,8.29642452390044,1.04465300392399,2.22945769718415,17.7669126579437
2014-04-15,"elevated",51.6694764853977,13.2903831999396,21.9996286751121,6.68227799846279,1.65276437935804,2.27948337370697,20.6896253425228
2014-04-16,"ambient",61.7258731126988,11.1845507590392,18.3879401032268,9.04814448427567,0.895569069981528,2.25164310935296,17.05631458639
2014-04-16,"elevated",55.1162439269705,12.3579811745776,22.0133864352792,7.65458610092992,1.68855496946635,2.29124997418554,20.0549190778934
2014-04-17,"ambient",63.8452344869018,12.0609543996225,18.4362875666385,9.28378032775897,0.906068351607658,2.25772149052068,16.7685679833546
2014-04-17,"elevated",56.3600464280356,13.5182761162531,22.020477569922,8.77299822961498,1.6419919344095,2.29930493992913,19.7675693956966
2014-04-18,"ambient",64.2293247109766,12.9779108500395,18.4847921361285,9.20851656092059,1.01858228035837,2.26394817570579,16.6629113019163
2014-04-18,"elevated",58.188548678776,14.4984958060258,22.0266644582009,8.95560022967594,1.88322829912705,2.30773645319363,19.6623896331365
2014-04-19,"ambient",61.8600033442071,11.4379345121543,18.533453879705,8.77792968188253,0.889966117636543,2.27032359430886,16.5417481072431
2014-04-19,"elevated",57.2722749134157,13.0526224006687,22.0319471491612,8.79895855599702,1.67972743639336,2.31655025097947,19.5424408471659
2014-04-20,"ambient",60.891889602885,11.6793048214185,18.5822728652729,8.39698069045304,0.93118276001639,2.27684815906438,15.7523227275269
2014-04-20,"elevated",57.3290352929199,13.6137688203249,22.0363256915567,8.66823629593403,1.74239176016773,2.32575255589008,18.7524031526633
2014-04-21,"ambient",56.1090849648522,10.9330015443895,18.6312491606332,7.45691863609135,0.857605703493005,2.28352226601092,15.5471098338143
2014-04-21,"elevated",53.9873796832335,13.0419031374944,22.0398001338523,8.46745619194871,1.59922583093904,2.33535005665154,18.5452792077016
2014-04-22,"ambient",51.1721323220012,11.5961703949378,18.6803828334846,6.347184882484,1.27354066933271,2.2903462944776,14.6226895021979
2014-04-22,"elevated",51.0312464007817,12.0726395369121,22.0423705242266,8.04816205080381,1.79562238857657,2.34534988774543,17.6234441432213
2014-04-23,"ambient",52.4150898013255,12.5019597672986,18.7296739514232,7.75548640665556,0.930876718113143,2.29732060708611,14.370503964329
2014-04-23,"elevated",53.9522802040319,15.1145521307243,22.0440369105746,7.3048536698584,1.77424099560057,2.35575960820516,17.3721827517461
2014-04-24,"ambient",48.3365732767895,17.7304408918097,18.7791225819436,6.63266947029716,1.30940155796305,2.30444554976879,13.6822734822506
2014-04-24,"elevated",46.6418670812086,20.3783057789997,22.0447993405103,7.41399553887283,2.90089893246222,2.36658717962855,16.6226645925326
2014-04-25,"ambient",34.0638782658172,13.7715982071568,18.8287287924389,4.13931081614703,0.990732224965531,2.31172145180175,15.3273816739622
2014-04-25,"elevated",36.6656832501691,16.2474714462521,22.044657861369,4.51863695681914,2.17478001208705,2.37784094346305,18.2450194549274
2014-04-26,"ambient",30.5015466204194,12.6760844789333,18.8784926502017,3.53933627969621,0.97659187811269,2.31914862585343,15.8067297992796
2014-04-26,"elevated",29.54391841757,14.1992407378255,22.0436125202098,4.10820583713195,1.79736056449822,2.38952959762265,18.7429316806934
2014-04-27,"ambient",28.6840444155178,11.7234426401603,18.9284142224242,3.53215618743596,1.00357540806348,2.32672736804775,16.1937388553199
2014-04-27,"elevated",29.6459390273542,13.7816894795864,22.0416633638183,3.40740336381982,1.79866910374053,2.40166217249945,19.1967087319135
2014-04-28,"ambient",47.040238283447,11.6250656248539,18.9784935761986,6.06153037123563,0.913400838104393,2.33445795804187,15.7686491692394
2014-04-28,"elevated",46.2117928691283,13.9661385281145,22.038810438709,6.46589623320903,1.68962387615391,2.41424800643579,18.767211239171
2014-04-29,"ambient",56.8574164390086,14.6131528224977,19.0287307785181,7.14414245414506,1.29760350911471,2.34234065911803,15.6758476069624
2014-04-29,"elevated",53.9766991259104,16.9147593380162,22.0350537911274,8.00592321966229,2.32094647846414,2.42729672072737,18.6773030403822
2014-04-30,"ambient",35.2848608769172,10.4669861908319,19.0735818272821,4.68368375482394,0.71932712806613,2.35838517911819,16.3233856420689
2014-04-30,"elevated",35.2033844230666,12.3735933001527,22.0165455009765,5.60919035206904,1.55387059490381,2.43564208200103,19.3218187187613
2014-05-01,"ambient",57.2815921096635,9.3166423218375,19.1184189965163,7.88715952486607,0.709730334751599,2.37448367173318,17.0527470341131
2014-05-01,"elevated",57.0097004396668,11.3121979022565,21.9982318482317,9.07548148971018,1.31509628917072,2.44394393193421,20.0541581372708
2014-05-02,"ambient",42.2798375258757,9.96119761944318,19.1632423622987,5.47902155306177,0.826854458479669,2.39063566299396,15.7578609883025
2014-05-02,"elevated",43.9235157424837,12.0183978042742,21.9801128639282,6.5940126514669,1.4947056688688,2.45219227821014,18.7573005174348
2014-05-03,"ambient",38.5995984264262,9.3846146138306,19.2080520006349,4.83868796488604,0.711570908678278,2.4068407198815,14.6512578248266
2014-05-03,"elevated",38.7710334871827,10.1582562918679,21.9621885789032,5.1381272177913,1.41548776436158,2.46037755862373,17.6511603518782
2014-05-04,"ambient",55.3534080834407,8.96019609395329,19.2528479874591,6.84148512573563,0.665846185664129,2.42309844906739,12.9082303653528
2014-05-04,"elevated",56.6215675771201,10.1845274424602,21.9444590237971,8.21788828885394,1.31902111979282,2.4684906316346,15.9072650740338
2014-05-05,"ambient",54.0233126713825,8.44651236656319,19.2976303986337,6.73849619169714,0.649588194243654,2.43940849569097,13.5388988561121
2014-05-05,"elevated",55.482589961034,9.75293860406008,21.9269242290556,8.40525981682162,1.21569338527293,2.47652276691486,16.4956100275063
2014-05-06,"ambient",48.9113869343736,9.91802240117402,19.3423993099499,5.67248634460033,0.693305347939962,2.45577054217206,12.4142116737398
2014-05-06,"elevated",50.117291139475,11.522710022512,21.9095842249314,6.93710507344977,1.54469459265415,2.48446563594013,15.367309748538
2014-05-07,"ambient",48.0995264160632,11.2107144088559,19.3871547971275,5.1827233173252,0.888502877172219,2.4721843070581,12.2039456439773
2014-05-07,"elevated",53.77337456066,12.147344348643,21.892439041486,7.88788266657805,1.61655220736982,2.49231130266667,15.1577494673493
2014-05-08,"ambient",46.8583371710539,10.5997014983753,19.4318969358153,5.42700186477024,0.776742895047905,2.48864954390529,11.638245296752
2014-05-08,"elevated",50.7831683329369,12.649007957614,21.875488708591,7.37967952579874,1.51812190222123,2.50005221433214,14.4742320544669
2014-05-09,"ambient",45.0719066586042,10.6590495278897,19.4766258015915,4.65241128164818,0.577575028802838,2.50516604019242,12.4208428783743
2014-05-09,"elevated",49.242232761222,13.7525533874361,21.8587332559305,6.85029951987602,1.57316310512169,2.50768119241337,15.2587166011603
2014-05-10,"ambient",40.9573731709074,12.021878760699,19.5213414699637,4.4054580289226,0.814168533849701,2.52173361626654,12.9199985333049
2014-05-10,"elevated",44.5167737987633,14.5167966905355,21.8421727130021,5.68350825036766,1.80494558301182,2.51519142376966,15.7519539019261
2014-05-11,"ambient",45.9167229138756,13.2409221728092,19.5660440163687,5.14209295640817,0.843357654976438,2.53835212431972,13.0362163763992
2014-05-11,"elevated",48.1710400852582,16.3902070980845,21.8258071091192,6.96925573469441,1.78406739045541,2.52257645199675,16.0333801725586
2014-05-12,"ambient",41.1241892044692,12.425295924328,19.6107335161736,4.294908224172,0.76052070344653,2.55502144739589,14.1054540675851
2014-05-12,"elevated",45.7845806472041,15.3118156120825,21.8096364734118,6.74754620256593,1.63001175418087,2.52983016901264,17.1042852905085
2014-05-13,"ambient",46.5029687052517,11.0876799324792,18.2403767365164,5.01159764945861,0.637331360391074,2.40407622054062,14.3890028264583
2014-05-13,"elevated",49.5105476513698,13.4757981365455,21.5363233091751,6.39612175659379,1.41422137482032,2.53096643737145,17.3926022090822
2014-05-14,"ambient",49.7250006369799,10.5946032538353,18.2930425748804,5.93273162057072,0.635964618353515,2.40322871530051,15.2687319195594
2014-05-14,"elevated",48.1704729220148,13.7774194435074,21.5220479779992,6.78823193889948,1.39515805002559,2.53977248548199,18.0366465827312
2014-05-15,"ambient",44.1484485532254,11.5894945197999,18.3456545322362,4.67148754926126,0.999930944326281,2.40245161298921,14.4709784107247
2014-05-15,"elevated",51.9997730635931,14.4215095520789,21.5078668888926,6.06031561058892,1.40900308534086,2.54864327920119,17.1363667518585
2014-05-16,"ambient",46.442585462249,11.1488640946915,18.3982126983678,5.02522542438678,0.752984182781287,2.40174582955455,13.9671440337192
2014-05-16,"elevated",49.0463794335063,14.8458354384538,21.4937800486426,6.50965041863475,1.43909293195683,2.55758105615555,16.5040429823468
2014-05-17,"ambient",47.2843967697561,11.3258195421819,18.450717162831,5.45718043146993,0.732139789602229,2.40111229072072,12.8298295093867
2014-05-17,"elevated",49.7690835884448,15.6975377472018,21.4797874640059,6.48483596382975,1.59064414567276,2.56658826081147,15.6021864117862
2014-05-18,"ambient",43.9786058398131,11.9162895576728,18.5031680149544,5.20257641327301,0.833402996009627,2.40055193172258,12.5791949113678
2014-05-18,"elevated",46.9828766934248,16.2300267939921,21.4658891417092,5.62863200121415,1.57460694842006,2.57566754023835,15.4535562494503
2014-05-19,"ambient",38.637126794527,13.2079589029527,18.5555653438414,3.91926809438673,0.790647102627918,2.40006569703184,12.8382659228696
2014-05-19,"elevated",43.6037794224764,17.5111970143944,21.4520850884494,5.32424836878656,1.82368195826258,2.58482173985305,15.8380148205531
2014-05-20,"ambient",39.0768011107492,14.2455667441766,18.6079092383712,4.30461064249139,0.873570606619266,2.39965454007499,13.4164829573454
2014-05-20,"elevated",43.5636722401866,17.7748703583077,21.4383753108934,5.45648909007411,1.99318819624969,2.59405389914152,16.4182260023911
2014-05-21,"ambient",35.4604841340434,13.0307024450971,18.660199787201,4.18256148330322,0.857258305968056,2.39931942294287,14.2107690769764
2014-05-21,"elevated",43.9301678119102,16.9078406087112,21.4247598156786,6.2893928597371,1.74188747518979,2.60336724735338,17.2118847407457
2014-05-22,"ambient",34.1555288732295,11.4734982448973,18.7124370787667,3.47668644511918,0.627518098169245,2.39906131609237,14.4665863429435
2014-05-22,"elevated",44.1515266489682,14.0957296386384,21.4112386094131,6.01018151484765,1.56453428284461,2.61276519916464,17.4676303009876
2014-05-23,"ambient",29.854197902501,14.799018109318,18.7646212012848,2.61543050017379,1.09005076937959,2.39888119803963,14.5035621232615
2014-05-23,"elevated",40.6986630984172,17.8164394205455,21.3978116986758,5.34650699623163,2.27433282938265,2.62225135030432,17.2609753787745
2014-05-24,"ambient",23.8402870270987,16.0782297538785,18.816752242754,2.27956894269627,1.22897808886785,2.39878005504576,14.8218883299439
2014-05-24,"elevated",32.9771325811652,19.9941335558107,21.3844790900165,4.3022681306507,2.33350768679805,2.63182947314023,17.4285313828239
2014-05-25,"ambient",27.3256942927695,12.9785723821861,18.8688302909565,2.46306740849036,1.02149348788473,2.39875888079417,15.8539146191762
2014-05-25,"elevated",33.3629157813189,16.3701246608291,21.3712407899564,3.78941805450689,1.84754630731862,2.64150351221957,18.4621177077663
2014-05-26,"ambient",28.0688099759082,9.37512084059214,17.9627238000901,3.66242188391811,0.46914543390372,2.27123300157896,16.5449182373274
2014-05-26,"elevated",35.9916503314924,11.8448884930826,20.4709876815195,5.6317300234298,1.79952549047018,2.52460813400903,19.3901195320932
