"chamber","branch","br.height","br.diameter","leafsize"
"C01",5,61,4.3,25.9
"C01",5,61,4.3,31.9
"C01",5,61,4.3,40.8
"C01",5,61,4.3,34.1
"C01",5,61,4.3,27.8
"C01",5,61,4.3,25.4
"C01",9,80,4.62,48.9
"C01",9,80,4.62,31.2
"C01",9,80,4.62,19.4
"C01",9,80,4.62,15.9
"C01",9,80,4.62,26
"C01",9,80,4.62,17.1
"C01",9,80,4.62,14.4
"C01",9,80,4.62,32.3
"C01",9,80,4.62,28.2
"C01",13,95,3.8,17.3
"C01",13,95,3.8,24.7
"C01",13,95,3.8,26
"C01",13,95,3.8,7.2
"C01",13,95,3.8,23.1
"C01",13,95,3.8,14.5
"C01",13,95,3.8,16.9
"C01",13,95,3.8,12.6
"C01",13,95,3.8,9.1
"C01",17,113,4,20.3
"C01",17,113,4,35.6
"C01",17,113,4,37.2
"C01",17,113,4,22.8
"C01",17,113,4,21.4
"C01",17,113,4,16.7
"C01",17,113,4,19.3
"C01",17,113,4,25.7
"C01",17,113,4,40.8
"C01",17,113,4,19.6
"C01",17,113,4,20.3
"C01",21,132.5,4.99,27.2
"C01",21,132.5,4.99,45.5
"C01",21,132.5,4.99,43
"C01",21,132.5,4.99,42.4
"C01",21,132.5,4.99,25.4
"C01",21,132.5,4.99,13.9
"C01",21,132.5,4.99,24.4
"C01",21,132.5,4.99,26
"C01",21,132.5,4.99,26.5
"C01",21,132.5,4.99,15.8
"C01",25,151,5.54,42
"C01",25,151,5.54,26.3
"C01",25,151,5.54,22.9
"C01",25,151,5.54,30.2
"C01",25,151,5.54,24.1
"C01",25,151,5.54,32.1
"C01",25,151,5.54,20.3
"C01",25,151,5.54,25.7
"C01",25,151,5.54,26.7
"C01",25,151,5.54,26.9
"C01",29,166,4.74,11.6
"C01",29,166,4.74,6.8
"C01",29,166,4.74,15.5
"C01",29,166,4.74,18.4
"C01",29,166,4.74,26.8
"C01",29,166,4.74,35.4
"C01",29,166,4.74,36.5
"C01",29,166,4.74,34.5
"C01",29,166,4.74,13.1
"C01",29,166,4.74,21.1
"C01",33,196,4.24,8
"C01",33,196,4.24,17.2
"C01",33,196,4.24,27.7
"C01",33,196,4.24,40
"C01",33,196,4.24,33.7
"C01",33,196,4.24,35.2
"C01",33,196,4.24,27
"C01",33,196,4.24,25.4
"C01",33,196,4.24,23.4
"C01",33,196,4.24,18.4
"C01",37,214,4.16,33.4
"C01",37,214,4.16,8.1
"C01",37,214,4.16,9.8
"C01",37,214,4.16,27.2
"C01",37,214,4.16,22.7
"C01",37,214,4.16,38.9
"C01",37,214,4.16,29.5
"C01",37,214,4.16,33.7
"C01",37,214,4.16,26.4
"C01",37,214,4.16,20.4
"C01",45,257,2,25.1
"C02",5,55.5,2.82,18
"C02",5,55.5,2.82,15
"C02",5,55.5,2.82,21.1
"C02",5,55.5,2.82,18.8
"C02",5,55.5,2.82,10.4
"C02",5,55.5,2.82,16.8
"C02",5,55.5,2.82,23
"C02",5,55.5,2.82,26
"C02",5,55.5,2.82,22.6
"C02",5,55.5,2.82,25.6
"C02",10,74,3.16,15.9
"C02",10,74,3.16,17.3
"C02",10,74,3.16,26
"C02",10,74,3.16,19.4
"C02",10,74,3.16,30.7
"C02",10,74,3.16,27.3
"C02",10,74,3.16,22.2
"C02",10,74,3.16,10.8
"C02",10,74,3.16,25.9
"C02",15,98,3.03,17.2
"C02",15,98,3.03,16.7
"C02",15,98,3.03,14.6
"C02",15,98,3.03,30.7
"C02",15,98,3.03,14
"C02",15,98,3.03,27.8
"C02",15,98,3.03,36.3
"C02",15,98,3.03,37.1
"C02",15,98,3.03,35.6
"C02",15,98,3.03,41.5
"C02",15,98,3.03,18.1
"C02",23,132,2.96,11.9
"C02",23,132,2.96,21
"C02",23,132,2.96,14.1
"C02",23,132,2.96,37.6
"C02",23,132,2.96,49.5
"C02",23,132,2.96,51.4
"C02",23,132,2.96,38.1
"C02",23,132,2.96,39.9
"C02",23,132,2.96,23.1
"C02",23,132,2.96,11.3
"C02",28,165,3.44,21.6
"C02",28,165,3.44,23.7
"C02",28,165,3.44,31.1
"C02",28,165,3.44,11
"C02",28,165,3.44,35.8
"C02",28,165,3.44,40
"C02",28,165,3.44,40.9
"C02",28,165,3.44,40.2
"C02",28,165,3.44,31.4
"C02",28,165,3.44,28.5
"C02",34,174,6.05,27
"C02",34,174,6.05,45.2
"C02",34,174,6.05,27
"C02",34,174,6.05,26.3
"C02",34,174,6.05,47.2
"C02",34,174,6.05,22.8
"C02",34,174,6.05,27.3
"C02",34,174,6.05,36.5
"C02",34,174,6.05,32.7
"C02",34,174,6.05,42.8
"C02",40,205,6.26,56.8
"C02",40,205,6.26,21.7
"C02",40,205,6.26,30.6
"C02",40,205,6.26,35.3
"C02",40,205,6.26,21.5
"C02",40,205,6.26,32.9
"C02",40,205,6.26,26.4
"C02",40,205,6.26,25
"C02",40,205,6.26,38.8
"C02",40,205,6.26,33
"C02",46,231,4.59,35.4
"C02",46,231,4.59,32.4
"C02",46,231,4.59,41.9
"C02",46,231,4.59,35.7
"C02",46,231,4.59,39.5
"C02",46,231,4.59,32.6
"C02",46,231,4.59,42.1
"C02",46,231,4.59,26
"C02",46,231,4.59,20.2
"C02",46,231,4.59,16.1
"C02",52,259,4.93,36.7
"C02",52,259,4.93,31.4
"C02",52,259,4.93,20
"C02",52,259,4.93,30
"C02",52,259,4.93,22.3
"C02",52,259,4.93,27.7
"C02",52,259,4.93,19.4
"C02",52,259,4.93,35.8
"C02",52,259,4.93,45
"C02",58,297,3.22,28.8
"C02",58,297,3.22,21.7
"C02",58,297,3.22,26.4
"C02",58,297,3.22,11.2
"C02",58,297,3.22,43.4
"C02",58,297,3.22,24.7
"C02",58,297,3.22,29.8
"C02",58,297,3.22,12.6
"C02",58,297,3.22,26.4
"C03",10,61,3.04,35.4
"C03",10,61,3.04,35.3
"C03",10,61,3.04,39.4
"C03",10,61,3.04,18
"C03",10,61,3.04,12
"C03",10,61,3.04,17.1
"C03",10,61,3.04,7.6
"C03",10,61,3.04,50.3
"C03",10,61,3.04,50.6
"C03",10,61,3.04,24.3
"C03",14,82,2.68,61.2
"C03",14,82,2.68,39.8
"C03",14,82,2.68,37.8
"C03",14,82,2.68,34.4
"C03",14,82,2.68,41.8
"C03",14,82,2.68,33.9
"C03",14,82,2.68,37.8
"C03",14,82,2.68,42.3
"C03",14,82,2.68,33.7
"C03",18,101,2.7,44.9
"C03",18,101,2.7,28.9
"C03",18,101,2.7,31.2
"C03",18,101,2.7,28.3
"C03",18,101,2.7,19.8
"C03",18,101,2.7,43.1
"C03",18,101,2.7,40.8
"C03",18,101,2.7,37.4
"C03",18,101,2.7,17.7
"C03",22,121,3.3,34.1
"C03",22,121,3.3,36.3
"C03",22,121,3.3,26.5
"C03",22,121,3.3,30.2
"C03",22,121,3.3,17.2
"C03",22,121,3.3,17.7
"C03",22,121,3.3,26.1
"C03",22,121,3.3,25.2
"C03",22,121,3.3,14.6
"C03",22,121,3.3,34.1
"C03",26,146,2.47,5.8
"C03",26,146,2.47,13.4
"C03",26,146,2.47,23.8
"C03",26,146,2.47,23.3
"C03",26,146,2.47,22.8
"C03",26,146,2.47,18.4
"C03",26,146,2.47,21.6
"C03",26,146,2.47,9.7
"C03",26,146,2.47,17.6
"C03",26,146,2.47,24.3
"C03",30,172,2.55,16.8
"C03",30,172,2.55,25.8
"C03",30,172,2.55,41.2
"C03",30,172,2.55,37.2
"C03",30,172,2.55,25.7
"C03",30,172,2.55,25.3
"C03",30,172,2.55,24.4
"C03",30,172,2.55,27.1
"C03",30,172,2.55,29.1
"C03",30,172,2.55,40.1
"C03",34,185,4.05,22.1
"C03",34,185,4.05,21.7
"C03",34,185,4.05,30.7
"C03",34,185,4.05,32.8
"C03",34,185,4.05,44.9
"C03",34,185,4.05,42.7
"C03",34,185,4.05,46.8
"C03",34,185,4.05,46.7
"C03",34,185,4.05,37.5
"C03",34,185,4.05,17.6
"C03",39,206,4.2,28.7
"C03",39,206,4.2,23.1
"C03",39,206,4.2,42.8
"C03",39,206,4.2,53.8
"C03",39,206,4.2,44.7
"C03",39,206,4.2,55.8
"C03",39,206,4.2,52.7
"C03",39,206,4.2,45.9
"C03",39,206,4.2,32.2
"C03",39,206,4.2,19.8
"C03",42,218,3.75,16.2
"C03",42,218,3.75,45.9
"C03",42,218,3.75,55.2
"C03",42,218,3.75,52.7
"C03",42,218,3.75,69.7
"C03",42,218,3.75,47.2
"C03",42,218,3.75,47.8
"C03",42,218,3.75,44.7
"C03",42,218,3.75,27.2
"C03",42,218,3.75,23.2
"C03",46,240,3.1,43.8
"C03",46,240,3.1,20.6
"C03",46,240,3.1,19.8
"C03",46,240,3.1,52.8
"C03",46,240,3.1,31.6
"C03",46,240,3.1,44.2
"C03",46,240,3.1,41.8
"C03",46,240,3.1,26.4
"C03",46,240,3.1,13.1
"C04",11,70,2.92,18.1
"C04",11,70,2.92,17.3
"C04",11,70,2.92,31.8
"C04",11,70,2.92,23
"C04",11,70,2.92,25.2
"C04",11,70,2.92,34.1
"C04",11,70,2.92,29.5
"C04",11,70,2.92,32
"C04",11,70,2.92,16.5
"C04",11,70,2.92,9.9
"C04",20,103,2.73,24.7
"C04",20,103,2.73,26.1
"C04",20,103,2.73,23.5
"C04",20,103,2.73,28.2
"C04",20,103,2.73,16.5
"C04",20,103,2.73,14.6
"C04",20,103,2.73,31.3
"C04",20,103,2.73,25
"C04",20,103,2.73,33.4
"C04",30,146,2.05,15.3
"C04",30,146,2.05,15.7
"C04",30,146,2.05,16.5
"C04",30,146,2.05,15.1
"C04",30,146,2.05,36.5
"C04",30,146,2.05,34.2
"C04",30,146,2.05,35.2
"C04",30,146,2.05,30.1
"C04",30,146,2.05,23.4
"C04",30,146,2.05,38.9
"C04",38,180,5.1,12.9
"C04",38,180,5.1,31.2
"C04",38,180,5.1,36.7
"C04",38,180,5.1,20.8
"C04",38,180,5.1,40.1
"C04",38,180,5.1,37.7
"C04",38,180,5.1,22.9
"C04",38,180,5.1,37.2
"C04",38,180,5.1,29.6
"C04",38,180,5.1,23.7
"C04",47,198,3.76,31
"C04",47,198,3.76,12.9
"C04",47,198,3.76,37.7
"C04",47,198,3.76,47.1
"C04",47,198,3.76,24
"C04",47,198,3.76,47
"C04",47,198,3.76,42.7
"C04",47,198,3.76,49.2
"C04",47,198,3.76,31.4
"C04",47,198,3.76,37.7
"C04",56,232,5.17,28.6
"C04",56,232,5.17,30
"C04",56,232,5.17,35.7
"C04",56,232,5.17,36.3
"C04",56,232,5.17,39.2
"C04",56,232,5.17,45.2
"C04",56,232,5.17,25.1
"C04",56,232,5.17,32.1
"C04",56,232,5.17,37.3
"C04",56,232,5.17,29.6
"C04",65,275,4.86,28.5
"C04",65,275,4.86,26.9
"C04",65,275,4.86,42.8
"C04",65,275,4.86,50.5
"C04",65,275,4.86,45.6
"C04",65,275,4.86,38.7
"C04",65,275,4.86,34.4
"C04",65,275,4.86,49.3
"C04",65,275,4.86,47.4
"C04",65,275,4.86,24
"C04",74,323,5.85,34.4
"C04",74,323,5.85,45.9
"C04",74,323,5.85,67.3
"C04",74,323,5.85,21.7
"C04",74,323,5.85,28.8
"C04",74,323,5.85,50.9
"C04",74,323,5.85,38
"C04",74,323,5.85,29.8
"C04",74,323,5.85,27.1
"C04",74,323,5.85,22
"C04",83,359,3.7,20.7
"C04",83,359,3.7,30.1
"C04",83,359,3.7,49.8
"C04",83,359,3.7,55.4
"C04",83,359,3.7,55.1
"C04",83,359,3.7,43.9
"C04",83,359,3.7,10.8
"C04",83,359,3.7,52.6
"C04",83,359,3.7,32.6
"C04",83,359,3.7,41.2
"C04",88,388,3.18,29.3
"C04",88,388,3.18,46.9
"C04",88,388,3.18,36
"C04",88,388,3.18,30.6
"C04",88,388,3.18,26.5
"C04",88,388,3.18,25.3
"C04",88,388,3.18,36.6
"C04",88,388,3.18,26.1
"C04",88,388,3.18,28.6
"C05",10,57,3.49,20.8
"C05",10,57,3.49,16.1
"C05",10,57,3.49,31
"C05",10,57,3.49,35.6
"C05",10,57,3.49,33.6
"C05",10,57,3.49,18.7
"C05",10,57,3.49,12.3
"C05",10,57,3.49,28.5
"C05",10,57,3.49,7.4
"C05",10,57,3.49,23.8
"C05",15,76,2.7,19
"C05",15,76,2.7,16.6
"C05",15,76,2.7,23.3
"C05",15,76,2.7,14.5
"C05",15,76,2.7,18.9
"C05",15,76,2.7,21.1
"C05",15,76,2.7,18.3
"C05",15,76,2.7,13.9
"C05",20,97,3.49,21.4
"C05",20,97,3.49,17.3
"C05",20,97,3.49,19.2
"C05",20,97,3.49,36.7
"C05",20,97,3.49,39.5
"C05",20,97,3.49,36.6
"C05",20,97,3.49,33.3
"C05",20,97,3.49,14.9
"C05",20,97,3.49,13.6
"C05",20,97,3.49,35.9
"C05",25,113,4.7,7.5
"C05",25,113,4.7,9.7
"C05",25,113,4.7,15
"C05",25,113,4.7,14.2
"C05",25,113,4.7,25.7
"C05",25,113,4.7,33.9
"C05",25,113,4.7,36.6
"C05",25,113,4.7,22
"C05",25,113,4.7,19.8
"C05",25,113,4.7,16.4
"C05",25,113,4.7,22.6
"C05",30,135,7.27,24.8
"C05",30,135,7.27,15.4
"C05",30,135,7.27,21.3
"C05",30,135,7.27,29
"C05",30,135,7.27,32.3
"C05",30,135,7.27,8.3
"C05",30,135,7.27,28.5
"C05",30,135,7.27,26.4
"C05",30,135,7.27,25.7
"C05",30,135,7.27,20
"C05",35,145,9.28,20.1
"C05",35,145,9.28,27
"C05",35,145,9.28,29
"C05",35,145,9.28,17.9
"C05",35,145,9.28,20.1
"C05",35,145,9.28,24.7
"C05",35,145,9.28,24
"C05",35,145,9.28,27.2
"C05",35,145,9.28,10.7
"C05",35,145,9.28,22.1
"C05",40,171,6.1,19
"C05",40,171,6.1,18.3
"C05",40,171,6.1,6
"C05",40,171,6.1,19.3
"C05",40,171,6.1,16
"C05",40,171,6.1,22.8
"C05",40,171,6.1,23.9
"C05",40,171,6.1,22.8
"C05",40,171,6.1,16
"C05",40,171,6.1,25.8
"C05",45,199,5.1,13.6
"C05",45,199,5.1,27.7
"C05",45,199,5.1,18.8
"C05",45,199,5.1,19.3
"C05",45,199,5.1,19.6
"C05",45,199,5.1,12.9
"C05",45,199,5.1,22.8
"C05",45,199,5.1,29.2
"C05",45,199,5.1,17.7
"C05",45,199,5.1,28.4
"C05",50,226,5.4,9.9
"C05",50,226,5.4,16.9
"C05",50,226,5.4,28.3
"C05",50,226,5.4,12.1
"C05",50,226,5.4,13.9
"C05",50,226,5.4,30.6
"C05",50,226,5.4,28.8
"C05",50,226,5.4,13.4
"C05",50,226,5.4,16.3
"C05",50,226,5.4,13.9
"C05",55,253,3.78,13.7
"C05",55,253,3.78,25.5
"C05",55,253,3.78,10.4
"C05",55,253,3.78,10.9
"C05",55,253,3.78,18.1
"C05",55,253,3.78,12.11
"C05",55,253,3.78,10.7
"C05",55,253,3.78,13
"C05",55,253,3.78,11.1
"C05",55,253,3.78,10.9
"C05",60,287,2.95,11.5
"C05",60,287,2.95,20.9
"C05",60,287,2.95,12.4
"C06",6,56,2.93,30.6
"C06",6,56,2.93,36.8
"C06",6,56,2.93,31.8
"C06",6,56,2.93,18
"C06",6,56,2.93,18.5
"C06",6,56,2.93,34.4
"C06",6,56,2.93,29.4
"C06",6,56,2.93,21.6
"C06",6,56,2.93,31.2
"C06",12,81,3.16,25.4
"C06",12,81,3.16,27.1
"C06",12,81,3.16,29.4
"C06",12,81,3.16,25.1
"C06",12,81,3.16,27.8
"C06",12,81,3.16,31.1
"C06",12,81,3.16,33
"C06",12,81,3.16,22.8
"C06",18,113,2.95,31.9
"C06",18,113,2.95,24.2
"C06",18,113,2.95,23.5
"C06",18,113,2.95,35.1
"C06",18,113,2.95,25.4
"C06",18,113,2.95,34
"C06",18,113,2.95,32.5
"C06",18,113,2.95,22.1
"C06",18,113,2.95,15.8
"C06",24,139,2.05,31.3
"C06",24,139,2.05,19.9
"C06",24,139,2.05,31
"C06",24,139,2.05,19
"C06",24,139,2.05,17.2
"C06",24,139,2.05,20.6
"C06",31,171,3.09,13.5
"C06",31,171,3.09,14.7
"C06",31,171,3.09,9.4
"C06",31,171,3.09,19.2
"C06",31,171,3.09,31.1
"C06",31,171,3.09,32.5
"C06",31,171,3.09,34.2
"C06",31,171,3.09,30.6
"C06",31,171,3.09,26.7
"C06",31,171,3.09,14.1
"C06",36,187,3.02,9.8
"C06",36,187,3.02,11.2
"C06",36,187,3.02,14.9
"C06",36,187,3.02,28.5
"C06",36,187,3.02,29.4
"C06",36,187,3.02,43.1
"C06",36,187,3.02,32.8
"C06",36,187,3.02,14.5
"C06",36,187,3.02,42.6
"C06",42,205,4.85,43.4
"C06",42,205,4.85,41.7
"C06",42,205,4.85,11.1
"C06",42,205,4.85,10.2
"C06",42,205,4.85,32.5
"C06",42,205,4.85,35.2
"C06",42,205,4.85,31.8
"C06",42,205,4.85,19
"C06",42,205,4.85,31.5
"C06",42,205,4.85,26.4
"C06",48,225,4.2,19.2
"C06",48,225,4.2,33.7
"C06",48,225,4.2,43
"C06",48,225,4.2,43.7
"C06",48,225,4.2,25.7
"C06",48,225,4.2,22.5
"C06",48,225,4.2,13.6
"C06",48,225,4.2,50.1
"C06",48,225,4.2,36.8
"C06",48,225,4.2,15
"C06",54,247,5.08,19.2
"C06",54,247,5.08,33.7
"C06",54,247,5.08,43
"C06",54,247,5.08,43.7
"C06",54,247,5.08,25.7
"C06",54,247,5.08,22.5
"C06",54,247,5.08,13.6
"C06",54,247,5.08,50.1
"C06",54,247,5.08,36.8
"C06",54,247,5.08,15
"C06",60,281,4.59,25.3
"C06",60,281,4.59,43.4
"C06",60,281,4.59,15.9
"C06",60,281,4.59,27.5
"C06",60,281,4.59,35.8
"C06",60,281,4.59,31.5
"C06",60,281,4.59,11.6
"C06",60,281,4.59,10.3
"C06",60,281,4.59,28.6
"C06",60,281,4.59,20.8
"C06",66,319,1.74,19.5
"C06",66,319,1.74,10.5
"C07",8,61,4.33,29.5
"C07",8,61,4.33,35.6
"C07",8,61,4.33,34.6
"C07",8,61,4.33,41.1
"C07",8,61,4.33,29.8
"C07",8,61,4.33,50.4
"C07",8,61,4.33,42.3
"C07",8,61,4.33,36.2
"C07",8,61,4.33,34.3
"C07",8,61,4.33,19.9
"C07",13,92,2.67,28
"C07",13,92,2.67,23.9
"C07",13,92,2.67,22.9
"C07",13,92,2.67,32.9
"C07",13,92,2.67,42.1
"C07",13,92,2.67,37.2
"C07",13,92,2.67,42.5
"C07",13,92,2.67,33.5
"C07",13,92,2.67,28.5
"C07",13,92,2.67,41.2
"C07",21,165,5.72,14.9
"C07",21,165,5.72,50.3
"C07",21,165,5.72,58
"C07",21,165,5.72,55.1
"C07",21,165,5.72,24.7
"C07",21,165,5.72,44.6
"C07",21,165,5.72,39.3
"C07",21,165,5.72,52.2
"C07",21,165,5.72,50.4
"C07",21,165,5.72,45.8
"C07",26,182,5.55,32.7
"C07",26,182,5.55,44.7
"C07",26,182,5.55,68.2
"C07",26,182,5.55,57.6
"C07",26,182,5.55,59.4
"C07",26,182,5.55,48.7
"C07",26,182,5.55,26.8
"C07",26,182,5.55,68.8
"C07",26,182,5.55,28.8
"C07",26,182,5.55,40
"C07",30,215,5.35,31
"C07",30,215,5.35,52
"C07",30,215,5.35,58.3
"C07",30,215,5.35,60.4
"C07",30,215,5.35,53
"C07",30,215,5.35,65.8
"C07",30,215,5.35,58.9
"C07",30,215,5.35,58.6
"C07",30,215,5.35,36.1
"C07",30,215,5.35,16.6
"C07",35,245,4.98,30.1
"C07",35,245,4.98,54.2
"C07",35,245,4.98,67
"C07",35,245,4.98,70.9
"C07",35,245,4.98,57.7
"C07",35,245,4.98,56.2
"C07",35,245,4.98,60.1
"C07",35,245,4.98,62.1
"C07",35,245,4.98,69.1
"C07",35,245,4.98,47.7
"C07",40,275,4.68,21
"C07",40,275,4.68,32.9
"C07",40,275,4.68,58.7
"C07",40,275,4.68,60.7
"C07",40,275,4.68,65.7
"C07",40,275,4.68,58.7
"C07",40,275,4.68,60.5
"C07",40,275,4.68,56.6
"C07",40,275,4.68,32.8
"C07",40,275,4.68,61.9
"C07",44,299,4.46,27.9
"C07",44,299,4.46,66.4
"C07",44,299,4.46,41.6
"C07",44,299,4.46,62.8
"C07",44,299,4.46,60.8
"C07",44,299,4.46,64.3
"C07",44,299,4.46,49.4
"C07",44,299,4.46,41
"C07",44,299,4.46,39.9
"C07",44,299,4.46,24.6
"C07",49,332,3.32,46.3
"C07",49,332,3.32,22
"C07",49,332,3.32,19.7
"C07",49,332,3.32,32.5
"C07",49,332,3.32,22.5
"C07",49,332,3.32,17.5
"C07",49,332,3.32,15.4
"C08",7,61,3.28,29.7
"C08",7,61,3.28,33.2
"C08",7,61,3.28,29.8
"C08",7,61,3.28,35.5
"C08",7,61,3.28,40.4
"C08",7,61,3.28,35
"C08",7,61,3.28,34.3
"C08",7,61,3.28,33
"C08",7,61,3.28,28.3
"C08",7,61,3.28,30.3
"C08",13,85,4.14,25.2
"C08",13,85,4.14,35.6
"C08",13,85,4.14,41.4
"C08",13,85,4.14,36.6
"C08",13,85,4.14,25.7
"C08",13,85,4.14,22
"C08",13,85,4.14,40.5
"C08",13,85,4.14,50.2
"C08",13,85,4.14,26.8
"C08",19,118,3.68,33.7
"C08",19,118,3.68,18
"C08",19,118,3.68,50.8
"C08",19,118,3.68,58.4
"C08",19,118,3.68,56.3
"C08",19,118,3.68,49.7
"C08",19,118,3.68,34.8
"C08",19,118,3.68,32.1
"C08",19,118,3.68,27.7
"C08",25,150,5.21,22.2
"C08",25,150,5.21,57.5
"C08",25,150,5.21,28.7
"C08",25,150,5.21,57.9
"C08",25,150,5.21,62.2
"C08",25,150,5.21,41.7
"C08",25,150,5.21,63.8
"C08",25,150,5.21,40
"C08",25,150,5.21,38.9
"C08",25,150,5.21,21.5
"C08",31,166,4.67,39.7
"C08",31,166,4.67,59.3
"C08",31,166,4.67,47.1
"C08",31,166,4.67,63.6
"C08",31,166,4.67,66.1
"C08",31,166,4.67,35.1
"C08",31,166,4.67,68.3
"C08",31,166,4.67,64.9
"C08",31,166,4.67,47.2
"C08",31,166,4.67,73
"C08",37,193,5.86,39.5
"C08",37,193,5.86,63.8
"C08",37,193,5.86,74.1
"C08",37,193,5.86,67.6
"C08",37,193,5.86,65.6
"C08",37,193,5.86,70.1
"C08",37,193,5.86,48.7
"C08",37,193,5.86,43.8
"C08",37,193,5.86,53
"C08",37,193,5.86,72.3
"C08",43,229,6.79,43.1
"C08",43,229,6.79,75
"C08",43,229,6.79,59.1
"C08",43,229,6.79,58.4
"C08",43,229,6.79,41.4
"C08",43,229,6.79,36
"C08",43,229,6.79,57.9
"C08",43,229,6.79,28.2
"C08",43,229,6.79,60.2
"C08",43,229,6.79,43.1
"C08",49,271,6.41,44.4
"C08",49,271,6.41,45.8
"C08",49,271,6.41,44.6
"C08",49,271,6.41,26.1
"C08",49,271,6.41,32.9
"C08",49,271,6.41,27.7
"C08",49,271,6.41,51.6
"C08",49,271,6.41,29.8
"C08",49,271,6.41,31.5
"C08",49,271,6.41,37.4
"C08",55,305,6.07,31.2
"C08",55,305,6.07,55.4
"C08",55,305,6.07,43.4
"C08",55,305,6.07,49.4
"C08",55,305,6.07,48.6
"C08",55,305,6.07,25.9
"C08",55,305,6.07,38.1
"C08",55,305,6.07,42.9
"C08",55,305,6.07,30.6
"C08",55,305,6.07,34.6
"C08",62,345,3.64,31.5
"C08",62,345,3.64,27.7
"C08",62,345,3.64,58.3
"C08",62,345,3.64,39.9
"C08",62,345,3.64,41.4
"C08",62,345,3.64,29.8
"C08",62,345,3.64,21.5
"C08",62,345,3.64,34.6
"C09",7,76,2.88,72.8
"C09",7,76,2.88,31.1
"C09",7,76,2.88,37.1
"C09",7,76,2.88,36.7
"C09",7,76,2.88,29.5
"C09",7,76,2.88,17.6
"C09",7,76,2.88,37.9
"C09",7,76,2.88,27.7
"C09",7,76,2.88,31.1
"C09",12,93,3.18,29.2
"C09",12,93,3.18,29.1
"C09",12,93,3.18,26.4
"C09",12,93,3.18,37.4
"C09",12,93,3.18,31.8
"C09",12,93,3.18,33.2
"C09",12,93,3.18,42.3
"C09",12,93,3.18,30.9
"C09",12,93,3.18,29.6
"C09",12,93,3.18,25.1
"C09",17,125,3.31,20.1
"C09",17,125,3.31,26.5
"C09",17,125,3.31,11.1
"C09",17,125,3.31,15
"C09",17,125,3.31,28.3
"C09",17,125,3.31,27.8
"C09",17,125,3.31,24
"C09",17,125,3.31,29.1
"C09",17,125,3.31,17.5
"C09",17,125,3.31,20.9
"C09",23,156,5.09,29.4
"C09",23,156,5.09,43.5
"C09",23,156,5.09,65.1
"C09",23,156,5.09,66.9
"C09",23,156,5.09,49.9
"C09",23,156,5.09,46.7
"C09",23,156,5.09,22.6
"C09",23,156,5.09,27.1
"C09",23,156,5.09,22.5
"C09",23,156,5.09,37.4
"C09",29,175,4.44,30
"C09",29,175,4.44,28.7
"C09",29,175,4.44,37
"C09",29,175,4.44,47.4
"C09",29,175,4.44,27.6
"C09",29,175,4.44,11.6
"C09",29,175,4.44,26.7
"C09",29,175,4.44,34.1
"C09",29,175,4.44,28.1
"C09",29,175,4.44,20.7
"C09",34,195,5.07,34
"C09",34,195,5.07,37.5
"C09",34,195,5.07,26.1
"C09",34,195,5.07,8.9
"C09",34,195,5.07,19
"C09",34,195,5.07,33.9
"C09",34,195,5.07,39.4
"C09",34,195,5.07,31.4
"C09",34,195,5.07,20.2
"C09",34,195,5.07,37.9
"C09",40,214,5.17,33.4
"C09",40,214,5.17,25.1
"C09",40,214,5.17,29.8
"C09",40,214,5.17,19.9
"C09",40,214,5.17,20.6
"C09",40,214,5.17,33.3
"C09",40,214,5.17,35.2
"C09",40,214,5.17,30.2
"C09",40,214,5.17,23.5
"C09",40,214,5.17,30.9
"C09",46,249,4.03,23
"C09",46,249,4.03,23.2
"C09",46,249,4.03,35.9
"C09",46,249,4.03,23.4
"C09",46,249,4.03,31.9
"C09",46,249,4.03,17
"C09",46,249,4.03,22.5
"C09",46,249,4.03,13.2
"C09",46,249,4.03,13.5
"C09",46,249,4.03,14.7
"C09",51,268,3.22,9.5
"C09",51,268,3.22,19.2
"C09",51,268,3.22,33.1
"C09",51,268,3.22,20.8
"C09",51,268,3.22,32.2
"C09",51,268,3.22,18.7
"C09",51,268,3.22,14
"C09",51,268,3.22,22.5
"C09",57,296,2.98,39.6
"C09",57,296,2.98,26.2
"C09",57,296,2.98,36.1
"C09",57,296,2.98,30.9
"C09",57,296,2.98,37.2
"C09",57,296,2.98,34.9
"C09",57,296,2.98,24
"C09",57,296,2.98,15.3
"C10",6,71,3.78,51.2
"C10",6,71,3.78,21.8
"C10",6,71,3.78,24.7
"C10",6,71,3.78,34.95
"C10",6,71,3.78,33.2
"C10",6,71,3.78,33.7
"C10",6,71,3.78,21
"C10",6,71,3.78,18.2
"C10",6,71,3.78,33.7
"C10",6,71,3.78,31.9
"C10",11,89,4.38,28.4
"C10",11,89,4.38,29.5
"C10",11,89,4.38,30.3
"C10",11,89,4.38,43.5
"C10",11,89,4.38,41.5
"C10",11,89,4.38,28.3
"C10",11,89,4.38,20.6
"C10",11,89,4.38,14.2
"C10",11,89,4.38,28.5
"C10",11,89,4.38,20
"C10",17,112,4.99,24.8
"C10",17,112,4.99,24.9
"C10",17,112,4.99,23.5
"C10",17,112,4.99,7.2
"C10",17,112,4.99,18.5
"C10",17,112,4.99,19.4
"C10",17,112,4.99,15
"C10",17,112,4.99,11.7
"C10",17,112,4.99,30.1
"C10",17,112,4.99,23.5
"C10",22,139,4.99,18.6
"C10",22,139,4.99,16.1
"C10",22,139,4.99,27.1
"C10",22,139,4.99,29.1
"C10",22,139,4.99,19.9
"C10",22,139,4.99,11.8
"C10",22,139,4.99,27.7
"C10",22,139,4.99,24.5
"C10",22,139,4.99,26.8
"C10",22,139,4.99,17.9
"C10",28,188,5.03,18.2
"C10",28,188,5.03,25.6
"C10",28,188,5.03,20.7
"C10",28,188,5.03,30.5
"C10",28,188,5.03,28.6
"C10",28,188,5.03,16.6
"C10",28,188,5.03,23.1
"C10",28,188,5.03,31.9
"C10",28,188,5.03,35
"C10",28,188,5.03,23.3
"C10",33,201,6.22,15.5
"C10",33,201,6.22,37.5
"C10",33,201,6.22,25.9
"C10",33,201,6.22,32
"C10",33,201,6.22,10.9
"C10",33,201,6.22,17.6
"C10",33,201,6.22,33.5
"C10",33,201,6.22,40.2
"C10",33,201,6.22,16.1
"C10",33,201,6.22,34.8
"C10",39,219,3.94,14.1
"C10",39,219,3.94,15.9
"C10",39,219,3.94,21.6
"C10",39,219,3.94,23.2
"C10",39,219,3.94,19.1
"C10",39,219,3.94,31.8
"C10",39,219,3.94,26.6
"C10",39,219,3.94,26.2
"C10",39,219,3.94,29.3
"C10",39,219,3.94,27.2
"C10",44,240,6.95,20.6
"C10",44,240,6.95,34.6
"C10",44,240,6.95,30.2
"C10",44,240,6.95,39.5
"C10",44,240,6.95,51
"C10",44,240,6.95,29.3
"C10",44,240,6.95,32.7
"C10",44,240,6.95,16.2
"C10",44,240,6.95,37
"C10",44,240,6.95,12.4
"C10",50,265,3.98,27.1
"C10",50,265,3.98,6.1
"C10",50,265,3.98,23.2
"C10",50,265,3.98,38.4
"C10",50,265,3.98,30.1
"C10",50,265,3.98,32.7
"C10",50,265,3.98,30.4
"C10",50,265,3.98,41.8
"C10",50,265,3.98,37.5
"C10",50,265,3.98,20
"C10",56,294,4.04,16.5
"C10",56,294,4.04,27.6
"C10",56,294,4.04,33.5
"C10",56,294,4.04,16.7
"C10",56,294,4.04,27.6
"C10",56,294,4.04,33.3
"C10",56,294,4.04,36.9
"C10",56,294,4.04,18.9
"C10",56,294,4.04,34.5
"C10",56,294,4.04,21.6
"C11",5,68,3.17,25.9
"C11",5,68,3.17,18.5
"C11",5,68,3.17,28.9
"C11",5,68,3.17,34.8
"C11",5,68,3.17,23.8
"C11",5,68,3.17,27.4
"C11",5,68,3.17,24.6
"C11",5,68,3.17,19.2
"C11",5,68,3.17,20.2
"C11",5,68,3.17,13.5
"C11",10,85,3.76,37.3
"C11",10,85,3.76,41.2
"C11",10,85,3.76,43.1
"C11",10,85,3.76,34.9
"C11",10,85,3.76,36.3
"C11",10,85,3.76,27.5
"C11",10,85,3.76,20.8
"C11",10,85,3.76,19.8
"C11",10,85,3.76,11.8
"C11",10,85,3.76,16.4
"C11",15,110,4.8,46.7
"C11",15,110,4.8,61
"C11",15,110,4.8,43.2
"C11",15,110,4.8,39
"C11",15,110,4.8,22.5
"C11",15,110,4.8,46.3
"C11",15,110,4.8,14.8
"C11",15,110,4.8,20.9
"C11",15,110,4.8,34
"C11",15,110,4.8,14.9
"C11",21,140,6.81,29
"C11",21,140,6.81,26
"C11",21,140,6.81,45.9
"C11",21,140,6.81,27.6
"C11",21,140,6.81,24.6
"C11",21,140,6.81,26
"C11",21,140,6.81,42.5
"C11",21,140,6.81,24.1
"C11",21,140,6.81,21.1
"C11",21,140,6.81,33.4
"C11",25,157,4.28,31.9
"C11",25,157,4.28,46.9
"C11",25,157,4.28,56.6
"C11",25,157,4.28,59.7
"C11",25,157,4.28,46.4
"C11",25,157,4.28,56.1
"C11",25,157,4.28,17.7
"C11",25,157,4.28,15.4
"C11",25,157,4.28,55.9
"C11",25,157,4.28,40.3
"C11",30,174,4.64,28.5
"C11",30,174,4.64,24.7
"C11",30,174,4.64,43.8
"C11",30,174,4.64,34.4
"C11",30,174,4.64,32.4
"C11",30,174,4.64,31.4
"C11",30,174,4.64,27.3
"C11",30,174,4.64,7.5
"C11",30,174,4.64,19.5
"C11",30,174,4.64,29.8
"C11",35,198,6.78,35.5
"C11",35,198,6.78,15
"C11",35,198,6.78,15.7
"C11",35,198,6.78,17.8
"C11",35,198,6.78,36.1
"C11",35,198,6.78,20.4
"C11",35,198,6.78,30.8
"C11",35,198,6.78,29.8
"C11",35,198,6.78,24.8
"C11",35,198,6.78,18.1
"C11",40,221,3.46,7.4
"C11",40,221,3.46,22.4
"C11",40,221,3.46,31.2
"C11",40,221,3.46,41
"C11",40,221,3.46,29.7
"C11",40,221,3.46,33.9
"C11",40,221,3.46,54.1
"C11",40,221,3.46,50
"C11",40,221,3.46,39.3
"C11",40,221,3.46,30.2
"C11",45,252,4.67,18.4
"C11",45,252,4.67,19.7
"C11",45,252,4.67,53.1
"C11",45,252,4.67,13.6
"C11",45,252,4.67,19.4
"C11",45,252,4.67,51.1
"C11",45,252,4.67,47.6
"C11",45,252,4.67,15.9
"C11",45,252,4.67,39.1
"C11",45,252,4.67,14.8
"C11",50,292,4.03,41.6
"C11",50,292,4.03,41.1
"C11",50,292,4.03,35.9
"C11",50,292,4.03,34.2
"C11",50,292,4.03,27.5
"C11",50,292,4.03,9.8
"C12",6,67,4.12,28.9
"C12",6,67,4.12,35.5
"C12",6,67,4.12,29.8
"C12",6,67,4.12,36.2
"C12",6,67,4.12,33.4
"C12",6,67,4.12,19.6
"C12",6,67,4.12,13
"C12",6,67,4.12,16.8
"C12",6,67,4.12,19.6
"C12",6,67,4.12,16.5
"C12",13,111,4.5,20.7
"C12",13,111,4.5,33
"C12",13,111,4.5,37.6
"C12",13,111,4.5,31.5
"C12",13,111,4.5,31.7
"C12",13,111,4.5,20.5
"C12",13,111,4.5,28.7
"C12",13,111,4.5,30.9
"C12",13,111,4.5,37
"C12",13,111,4.5,25.3
"C12",20,142,4.77,20.3
"C12",20,142,4.77,26.9
"C12",20,142,4.77,18.2
"C12",20,142,4.77,15.7
"C12",20,142,4.77,15.4
"C12",20,142,4.77,23.8
"C12",20,142,4.77,28
"C12",20,142,4.77,36.9
"C12",20,142,4.77,31.6
"C12",20,142,4.77,24.3
"C12",27,179,5.31,21.8
"C12",27,179,5.31,35.6
"C12",27,179,5.31,45.8
"C12",27,179,5.31,41.4
"C12",27,179,5.31,48.7
"C12",27,179,5.31,32.4
"C12",27,179,5.31,19.4
"C12",27,179,5.31,47.6
"C12",27,179,5.31,39.3
"C12",27,179,5.31,22.5
"C12",34,202,4.85,23.1
"C12",34,202,4.85,27.5
"C12",34,202,4.85,35.3
"C12",34,202,4.85,48.2
"C12",34,202,4.85,45.5
"C12",34,202,4.85,52.3
"C12",34,202,4.85,44.2
"C12",34,202,4.85,46.9
"C12",34,202,4.85,49.7
"C12",34,202,4.85,35.9
"C12",41,233,6.25,22.1
"C12",41,233,6.25,37.1
"C12",41,233,6.25,14.9
"C12",41,233,6.25,35.2
"C12",41,233,6.25,46.4
"C12",41,233,6.25,47.8
"C12",41,233,6.25,34.5
"C12",41,233,6.25,44.8
"C12",41,233,6.25,34.2
"C12",41,233,6.25,24.8
"C12",41,233,6.25,37.6
"C12",48,279,7.08,27.6
"C12",48,279,7.08,23.9
"C12",48,279,7.08,34.6
"C12",48,279,7.08,42
"C12",48,279,7.08,26.7
"C12",48,279,7.08,47.1
"C12",48,279,7.08,49.3
"C12",48,279,7.08,16.7
"C12",48,279,7.08,44.4
"C12",48,279,7.08,31.3
"C12",55,325,4.24,10.1
"C12",55,325,4.24,39.3
"C12",55,325,4.24,41.2
"C12",55,325,4.24,40.7
"C12",55,325,4.24,34.4
"C12",55,325,4.24,46.4
"C12",55,325,4.24,54.8
"C12",55,325,4.24,44.3
"C12",55,325,4.24,21.4
"C12",55,325,4.24,46.2
"C12",62,370,4.6,11.6
"C12",62,370,4.6,43
"C12",62,370,4.6,13
"C12",62,370,4.6,38.3
"C12",62,370,4.6,39.8
"C12",62,370,4.6,39.3
"C12",62,370,4.6,28.6
"C12",62,370,4.6,25.8
"C12",62,370,4.6,36.3
"C12",67,408,3.25,15.6
"C12",67,408,3.25,17.8
"C12",67,408,3.25,7.4
"C12",67,408,3.25,11.5
"C12",67,408,3.25,14.4
"C12",67,408,3.25,31.2
